Project Name,Package Name,Type Name,Method Name,LOC,CC,PC
commons-exec-1.3,org.apache.commons.exec,CommandLine,parse,3,1,1
commons-exec-1.3,org.apache.commons.exec,CommandLine,parse,17,4,2
commons-exec-1.3,org.apache.commons.exec,CommandLine,CommandLine,4,1,1
commons-exec-1.3,org.apache.commons.exec,CommandLine,CommandLine,4,1,1
commons-exec-1.3,org.apache.commons.exec,CommandLine,CommandLine,14,3,1
commons-exec-1.3,org.apache.commons.exec,CommandLine,getExecutable,3,1,0
commons-exec-1.3,org.apache.commons.exec,CommandLine,isFile,3,1,0
commons-exec-1.3,org.apache.commons.exec,CommandLine,addArguments,3,1,1
commons-exec-1.3,org.apache.commons.exec,CommandLine,addArguments,8,3,2
commons-exec-1.3,org.apache.commons.exec,CommandLine,addArguments,3,1,1
commons-exec-1.3,org.apache.commons.exec,CommandLine,addArguments,7,2,2
commons-exec-1.3,org.apache.commons.exec,CommandLine,addArgument,3,1,1
commons-exec-1.3,org.apache.commons.exec,CommandLine,addArgument,10,3,2
commons-exec-1.3,org.apache.commons.exec,CommandLine,getArguments,11,2,0
commons-exec-1.3,org.apache.commons.exec,CommandLine,getSubstitutionMap,3,1,0
commons-exec-1.3,org.apache.commons.exec,CommandLine,setSubstitutionMap,3,1,1
commons-exec-1.3,org.apache.commons.exec,CommandLine,toStrings,6,1,0
commons-exec-1.3,org.apache.commons.exec,CommandLine,toString,3,1,0
commons-exec-1.3,org.apache.commons.exec,CommandLine,expandArgument,4,1,1
commons-exec-1.3,org.apache.commons.exec,CommandLine,translateCommandline,62,13,1
commons-exec-1.3,org.apache.commons.exec,CommandLine,toCleanExecutable,11,3,1
commons-exec-1.3,org.apache.commons.exec,CommandLine,Argument,4,1,2
commons-exec-1.3,org.apache.commons.exec,CommandLine,getValue,3,1,0
commons-exec-1.3,org.apache.commons.exec,CommandLine,isHandleQuoting,3,1,0
commons-exec-1.3,org.apache.commons.exec,Argument,Argument,4,1,2
commons-exec-1.3,org.apache.commons.exec,Argument,getValue,3,1,0
commons-exec-1.3,org.apache.commons.exec,Argument,isHandleQuoting,3,1,0
commons-exec-1.3,org.apache.commons.exec,DaemonExecutor,createThread,5,1,2
commons-exec-1.3,org.apache.commons.exec,DefaultExecuteResultHandler,DefaultExecuteResultHandler,4,1,0
commons-exec-1.3,org.apache.commons.exec,DefaultExecuteResultHandler,onProcessComplete,5,1,1
commons-exec-1.3,org.apache.commons.exec,DefaultExecuteResultHandler,onProcessFailed,5,1,1
commons-exec-1.3,org.apache.commons.exec,DefaultExecuteResultHandler,getException,6,2,0
commons-exec-1.3,org.apache.commons.exec,DefaultExecuteResultHandler,getExitValue,6,2,0
commons-exec-1.3,org.apache.commons.exec,DefaultExecuteResultHandler,hasResult,3,1,0
commons-exec-1.3,org.apache.commons.exec,DefaultExecuteResultHandler,waitFor,5,2,0
commons-exec-1.3,org.apache.commons.exec,DefaultExecuteResultHandler,waitFor,6,2,1
commons-exec-1.3,org.apache.commons.exec,DefaultExecutor,DefaultExecutor,7,1,0
commons-exec-1.3,org.apache.commons.exec,DefaultExecutor,getStreamHandler,3,1,0
commons-exec-1.3,org.apache.commons.exec,DefaultExecutor,setStreamHandler,3,1,1
commons-exec-1.3,org.apache.commons.exec,DefaultExecutor,getWatchdog,3,1,0
commons-exec-1.3,org.apache.commons.exec,DefaultExecutor,setWatchdog,3,1,1
commons-exec-1.3,org.apache.commons.exec,DefaultExecutor,getProcessDestroyer,3,1,0
commons-exec-1.3,org.apache.commons.exec,DefaultExecutor,setProcessDestroyer,3,1,1
commons-exec-1.3,org.apache.commons.exec,DefaultExecutor,getWorkingDirectory,3,1,0
commons-exec-1.3,org.apache.commons.exec,DefaultExecutor,setWorkingDirectory,3,1,1
commons-exec-1.3,org.apache.commons.exec,DefaultExecutor,execute,3,1,1
commons-exec-1.3,org.apache.commons.exec,DefaultExecutor,execute,6,2,2
commons-exec-1.3,org.apache.commons.exec,DefaultExecutor,execute,3,1,2
commons-exec-1.3,org.apache.commons.exec,DefaultExecutor,execute,26,3,3
commons-exec-1.3,org.apache.commons.exec,DefaultExecutor,run,13,1,0
commons-exec-1.3,org.apache.commons.exec,DefaultExecutor,setExitValue,3,1,1
commons-exec-1.3,org.apache.commons.exec,DefaultExecutor,setExitValues,3,1,1
commons-exec-1.3,org.apache.commons.exec,DefaultExecutor,isFailure,16,5,1
commons-exec-1.3,org.apache.commons.exec,DefaultExecutor,createThread,3,1,2
commons-exec-1.3,org.apache.commons.exec,DefaultExecutor,launch,9,3,3
commons-exec-1.3,org.apache.commons.exec,DefaultExecutor,getExecutorThread,3,1,0
commons-exec-1.3,org.apache.commons.exec,DefaultExecutor,closeProcessStreams,20,1,1
commons-exec-1.3,org.apache.commons.exec,DefaultExecutor,executeInternal,65,8,4
commons-exec-1.3,org.apache.commons.exec,DefaultExecutor,setExceptionCaught,5,2,1
commons-exec-1.3,org.apache.commons.exec,DefaultExecutor,getExceptionCaught,3,1,0
commons-exec-1.3,org.apache.commons.exec,ExecuteException,ExecuteException,5,1,2
commons-exec-1.3,org.apache.commons.exec,ExecuteException,ExecuteException,5,1,3
commons-exec-1.3,org.apache.commons.exec,ExecuteException,getCause,3,1,0
commons-exec-1.3,org.apache.commons.exec,ExecuteException,getExitValue,3,1,0
commons-exec-1.3,org.apache.commons.exec,ExecuteResultHandler,onProcessComplete,0,1,1
commons-exec-1.3,org.apache.commons.exec,ExecuteResultHandler,onProcessFailed,0,1,1
commons-exec-1.3,org.apache.commons.exec,ExecuteStreamHandler,setProcessInputStream,0,1,1
commons-exec-1.3,org.apache.commons.exec,ExecuteStreamHandler,setProcessErrorStream,0,1,1
commons-exec-1.3,org.apache.commons.exec,ExecuteStreamHandler,setProcessOutputStream,0,1,1
commons-exec-1.3,org.apache.commons.exec,ExecuteStreamHandler,start,0,1,0
commons-exec-1.3,org.apache.commons.exec,ExecuteStreamHandler,stop,0,1,0
commons-exec-1.3,org.apache.commons.exec,ExecuteWatchdog,ExecuteWatchdog,13,2,1
commons-exec-1.3,org.apache.commons.exec,ExecuteWatchdog,start,17,4,1
commons-exec-1.3,org.apache.commons.exec,ExecuteWatchdog,stop,7,2,0
commons-exec-1.3,org.apache.commons.exec,ExecuteWatchdog,destroyProcess,5,1,0
commons-exec-1.3,org.apache.commons.exec,ExecuteWatchdog,timeoutOccured,22,3,1
commons-exec-1.3,org.apache.commons.exec,ExecuteWatchdog,checkException,5,2,0
commons-exec-1.3,org.apache.commons.exec,ExecuteWatchdog,isWatching,4,1,0
commons-exec-1.3,org.apache.commons.exec,ExecuteWatchdog,killedProcess,3,1,0
commons-exec-1.3,org.apache.commons.exec,ExecuteWatchdog,cleanUp,4,1,0
commons-exec-1.3,org.apache.commons.exec,ExecuteWatchdog,setProcessNotStarted,3,1,0
commons-exec-1.3,org.apache.commons.exec,ExecuteWatchdog,ensureStarted,10,2,0
commons-exec-1.3,org.apache.commons.exec,Executor,setExitValue,0,1,1
commons-exec-1.3,org.apache.commons.exec,Executor,setExitValues,0,1,1
commons-exec-1.3,org.apache.commons.exec,Executor,isFailure,0,1,1
commons-exec-1.3,org.apache.commons.exec,Executor,getStreamHandler,0,1,0
commons-exec-1.3,org.apache.commons.exec,Executor,setStreamHandler,0,1,1
commons-exec-1.3,org.apache.commons.exec,Executor,getWatchdog,0,1,0
commons-exec-1.3,org.apache.commons.exec,Executor,setWatchdog,0,1,1
commons-exec-1.3,org.apache.commons.exec,Executor,getProcessDestroyer,0,1,0
commons-exec-1.3,org.apache.commons.exec,Executor,setProcessDestroyer,0,1,1
commons-exec-1.3,org.apache.commons.exec,Executor,getWorkingDirectory,0,1,0
commons-exec-1.3,org.apache.commons.exec,Executor,setWorkingDirectory,0,1,1
commons-exec-1.3,org.apache.commons.exec,Executor,execute,0,1,1
commons-exec-1.3,org.apache.commons.exec,Executor,execute,0,1,2
commons-exec-1.3,org.apache.commons.exec,Executor,execute,0,1,2
commons-exec-1.3,org.apache.commons.exec,Executor,execute,0,1,3
commons-exec-1.3,org.apache.commons.exec,InputStreamPumper,InputStreamPumper,5,1,2
commons-exec-1.3,org.apache.commons.exec,InputStreamPumper,run,17,3,0
commons-exec-1.3,org.apache.commons.exec,InputStreamPumper,stopProcessing,3,1,0
commons-exec-1.3,org.apache.commons.exec,LogOutputStream,LogOutputStream,3,1,0
commons-exec-1.3,org.apache.commons.exec,LogOutputStream,LogOutputStream,3,1,1
commons-exec-1.3,org.apache.commons.exec,LogOutputStream,write,12,3,1
commons-exec-1.3,org.apache.commons.exec,LogOutputStream,flush,5,2,0
commons-exec-1.3,org.apache.commons.exec,LogOutputStream,close,6,2,0
commons-exec-1.3,org.apache.commons.exec,LogOutputStream,getMessageLevel,3,1,0
commons-exec-1.3,org.apache.commons.exec,LogOutputStream,write,21,5,3
commons-exec-1.3,org.apache.commons.exec,LogOutputStream,processBuffer,4,1,0
commons-exec-1.3,org.apache.commons.exec,LogOutputStream,processLine,3,1,1
commons-exec-1.3,org.apache.commons.exec,LogOutputStream,processLine,0,1,2
commons-exec-1.3,org.apache.commons.exec,OS,OS,2,1,0
commons-exec-1.3,org.apache.commons.exec,OS,isFamily,3,1,1
commons-exec-1.3,org.apache.commons.exec,OS,isFamilyDOS,3,1,0
commons-exec-1.3,org.apache.commons.exec,OS,isFamilyMac,3,1,0
commons-exec-1.3,org.apache.commons.exec,OS,isFamilyNetware,3,1,0
commons-exec-1.3,org.apache.commons.exec,OS,isFamilyOS2,3,1,0
commons-exec-1.3,org.apache.commons.exec,OS,isFamilyTandem,3,1,0
commons-exec-1.3,org.apache.commons.exec,OS,isFamilyUnix,3,1,0
commons-exec-1.3,org.apache.commons.exec,OS,isFamilyWindows,3,1,0
commons-exec-1.3,org.apache.commons.exec,OS,isFamilyWin9x,3,1,0
commons-exec-1.3,org.apache.commons.exec,OS,isFamilyZOS,3,1,0
commons-exec-1.3,org.apache.commons.exec,OS,isFamilyOS400,3,1,0
commons-exec-1.3,org.apache.commons.exec,OS,isFamilyOpenVms,3,1,0
commons-exec-1.3,org.apache.commons.exec,OS,isName,3,1,1
commons-exec-1.3,org.apache.commons.exec,OS,isArch,3,1,1
commons-exec-1.3,org.apache.commons.exec,OS,isVersion,3,1,1
commons-exec-1.3,org.apache.commons.exec,OS,isOs,58,17,4
commons-exec-1.3,org.apache.commons.exec,ProcessDestroyer,add,0,1,1
commons-exec-1.3,org.apache.commons.exec,ProcessDestroyer,remove,0,1,1
commons-exec-1.3,org.apache.commons.exec,ProcessDestroyer,size,0,1,0
commons-exec-1.3,org.apache.commons.exec,PumpStreamHandler,PumpStreamHandler,3,1,0
commons-exec-1.3,org.apache.commons.exec,PumpStreamHandler,PumpStreamHandler,3,1,1
commons-exec-1.3,org.apache.commons.exec,PumpStreamHandler,PumpStreamHandler,3,1,2
commons-exec-1.3,org.apache.commons.exec,PumpStreamHandler,PumpStreamHandler,5,1,3
commons-exec-1.3,org.apache.commons.exec,PumpStreamHandler,setStopTimeout,3,1,1
commons-exec-1.3,org.apache.commons.exec,PumpStreamHandler,setProcessOutputStream,5,2,1
commons-exec-1.3,org.apache.commons.exec,PumpStreamHandler,setProcessErrorStream,5,2,1
commons-exec-1.3,org.apache.commons.exec,PumpStreamHandler,setProcessInputStream,19,3,1
commons-exec-1.3,org.apache.commons.exec,PumpStreamHandler,start,11,4,0
commons-exec-1.3,org.apache.commons.exec,PumpStreamHandler,stop,29,5,0
commons-exec-1.3,org.apache.commons.exec,PumpStreamHandler,getErr,3,1,0
commons-exec-1.3,org.apache.commons.exec,PumpStreamHandler,getOut,3,1,0
commons-exec-1.3,org.apache.commons.exec,PumpStreamHandler,createProcessOutputPump,3,1,2
commons-exec-1.3,org.apache.commons.exec,PumpStreamHandler,createProcessErrorPump,3,1,2
commons-exec-1.3,org.apache.commons.exec,PumpStreamHandler,createPump,4,1,2
commons-exec-1.3,org.apache.commons.exec,PumpStreamHandler,createPump,5,1,3
commons-exec-1.3,org.apache.commons.exec,PumpStreamHandler,stopThread,21,4,2
commons-exec-1.3,org.apache.commons.exec,PumpStreamHandler,createSystemInPump,6,1,2
commons-exec-1.3,org.apache.commons.exec,ShutdownHookProcessDestroyer,ProcessDestroyerImpl,3,1,0
commons-exec-1.3,org.apache.commons.exec,ShutdownHookProcessDestroyer,run,5,2,0
commons-exec-1.3,org.apache.commons.exec,ShutdownHookProcessDestroyer,setShouldDestroy,3,1,1
commons-exec-1.3,org.apache.commons.exec,ShutdownHookProcessDestroyer,ShutdownHookProcessDestroyer,2,1,0
commons-exec-1.3,org.apache.commons.exec,ShutdownHookProcessDestroyer,addShutdownHook,7,2,0
commons-exec-1.3,org.apache.commons.exec,ShutdownHookProcessDestroyer,removeShutdownHook,17,3,0
commons-exec-1.3,org.apache.commons.exec,ShutdownHookProcessDestroyer,isAddedAsShutdownHook,3,1,0
commons-exec-1.3,org.apache.commons.exec,ShutdownHookProcessDestroyer,add,9,2,1
commons-exec-1.3,org.apache.commons.exec,ShutdownHookProcessDestroyer,remove,9,2,1
commons-exec-1.3,org.apache.commons.exec,ShutdownHookProcessDestroyer,size,3,1,0
commons-exec-1.3,org.apache.commons.exec,ShutdownHookProcessDestroyer,run,15,2,0
commons-exec-1.3,org.apache.commons.exec,ProcessDestroyerImpl,ProcessDestroyerImpl,3,1,0
commons-exec-1.3,org.apache.commons.exec,ProcessDestroyerImpl,run,5,2,0
commons-exec-1.3,org.apache.commons.exec,ProcessDestroyerImpl,setShouldDestroy,3,1,1
commons-exec-1.3,org.apache.commons.exec,StreamPumper,StreamPumper,6,1,3
commons-exec-1.3,org.apache.commons.exec,StreamPumper,StreamPumper,6,1,4
commons-exec-1.3,org.apache.commons.exec,StreamPumper,StreamPumper,3,1,2
commons-exec-1.3,org.apache.commons.exec,StreamPumper,run,29,3,0
commons-exec-1.3,org.apache.commons.exec,StreamPumper,isFinished,3,1,0
commons-exec-1.3,org.apache.commons.exec,StreamPumper,waitFor,5,2,0
commons-exec-1.3,org.apache.commons.exec,TimeoutObserver,timeoutOccured,0,1,1
commons-exec-1.3,org.apache.commons.exec,Watchdog,Watchdog,6,2,1
commons-exec-1.3,org.apache.commons.exec,Watchdog,addTimeoutObserver,3,1,1
commons-exec-1.3,org.apache.commons.exec,Watchdog,removeTimeoutObserver,3,1,1
commons-exec-1.3,org.apache.commons.exec,Watchdog,fireTimeoutOccured,6,2,0
commons-exec-1.3,org.apache.commons.exec,Watchdog,start,6,1,0
commons-exec-1.3,org.apache.commons.exec,Watchdog,stop,4,1,0
commons-exec-1.3,org.apache.commons.exec,Watchdog,run,20,3,0
commons-exec-1.3,org.apache.commons.exec,CommandLineTest,testExecutable,7,1,0
commons-exec-1.3,org.apache.commons.exec,CommandLineTest,testExecutableZeroLengthString,8,1,0
commons-exec-1.3,org.apache.commons.exec,CommandLineTest,testExecutableWhitespaceString,8,1,0
commons-exec-1.3,org.apache.commons.exec,CommandLineTest,testNullExecutable,8,1,0
commons-exec-1.3,org.apache.commons.exec,CommandLineTest,testAddArgument,7,1,0
commons-exec-1.3,org.apache.commons.exec,CommandLineTest,testAddNullArgument,6,1,0
commons-exec-1.3,org.apache.commons.exec,CommandLineTest,testAddArgumentWithSpace,7,1,0
commons-exec-1.3,org.apache.commons.exec,CommandLineTest,testAddArgumentWithQuote,7,1,0
commons-exec-1.3,org.apache.commons.exec,CommandLineTest,testAddArgumentWithQuotesAround,8,1,0
commons-exec-1.3,org.apache.commons.exec,CommandLineTest,testAddArgumentWithSingleQuote,7,1,0
commons-exec-1.3,org.apache.commons.exec,CommandLineTest,testAddArgumentWithBothQuotes,9,1,0
commons-exec-1.3,org.apache.commons.exec,CommandLineTest,testAddArguments,6,1,0
commons-exec-1.3,org.apache.commons.exec,CommandLineTest,testAddArgumentsWithQuotes,6,1,0
commons-exec-1.3,org.apache.commons.exec,CommandLineTest,testAddArgumentsWithQuotesAndSpaces,6,1,0
commons-exec-1.3,org.apache.commons.exec,CommandLineTest,testAddArgumentsArray,6,1,0
commons-exec-1.3,org.apache.commons.exec,CommandLineTest,testAddArgumentsArrayNull,6,1,0
commons-exec-1.3,org.apache.commons.exec,CommandLineTest,testAddTwoArguments,10,1,0
commons-exec-1.3,org.apache.commons.exec,CommandLineTest,testParseCommandLine,5,1,0
commons-exec-1.3,org.apache.commons.exec,CommandLineTest,testParseCommandLineWithQuotes,5,1,0
commons-exec-1.3,org.apache.commons.exec,CommandLineTest,testParseCommandLineWithUnevenQuotes,8,1,0
commons-exec-1.3,org.apache.commons.exec,CommandLineTest,testParseCommandLineWithNull,8,1,0
commons-exec-1.3,org.apache.commons.exec,CommandLineTest,testParseCommandLineWithOnlyWhitespace,8,1,0
commons-exec-1.3,org.apache.commons.exec,CommandLineTest,testParseComplexCommandLine1,7,1,0
commons-exec-1.3,org.apache.commons.exec,CommandLineTest,testParseComplexCommandLine2,8,1,0
commons-exec-1.3,org.apache.commons.exec,CommandLineTest,testParseRealLifeCommandLine_1,7,1,0
commons-exec-1.3,org.apache.commons.exec,CommandLineTest,testComplexAddArgument,8,1,0
commons-exec-1.3,org.apache.commons.exec,CommandLineTest,testComplexAddArguments1,5,1,0
commons-exec-1.3,org.apache.commons.exec,CommandLineTest,testComplexAddArguments2,5,1,0
commons-exec-1.3,org.apache.commons.exec,CommandLineTest,testCommandLineParsingWithExpansion1,26,1,0
commons-exec-1.3,org.apache.commons.exec,CommandLineTest,testCommandLineParsingWithExpansion2,30,1,0
commons-exec-1.3,org.apache.commons.exec,CommandLineTest,testCommandLineParsingWithExpansion3,14,1,0
commons-exec-1.3,org.apache.commons.exec,CommandLineTest,testToString,12,1,0
commons-exec-1.3,org.apache.commons.exec,CommandLineTest,testToStringTroubleshooting,8,1,0
commons-exec-1.3,org.apache.commons.exec,CommandLineTest,testCopyConstructor,12,1,0
commons-exec-1.3,org.apache.commons.exec,DefaultExecutorTest,classSetUp,7,1,0
commons-exec-1.3,org.apache.commons.exec,DefaultExecutorTest,setUp,8,2,0
commons-exec-1.3,org.apache.commons.exec,DefaultExecutorTest,tearDown,4,1,0
commons-exec-1.3,org.apache.commons.exec,DefaultExecutorTest,testExecute,7,1,0
commons-exec-1.3,org.apache.commons.exec,DefaultExecutorTest,testExecuteWithWorkingDirectory,9,1,0
commons-exec-1.3,org.apache.commons.exec,DefaultExecutorTest,testExecuteWithInvalidWorkingDirectory,6,1,0
commons-exec-1.3,org.apache.commons.exec,DefaultExecutorTest,testExecuteWithError,10,1,0
commons-exec-1.3,org.apache.commons.exec,DefaultExecutorTest,testExecuteWithArg,7,1,0
commons-exec-1.3,org.apache.commons.exec,DefaultExecutorTest,testExecuteWithSingleEnvironmentVariable,8,1,0
commons-exec-1.3,org.apache.commons.exec,DefaultExecutorTest,testExecuteAsync,10,1,0
commons-exec-1.3,org.apache.commons.exec,DefaultExecutorTest,testExecuteAsyncWithError,10,1,0
commons-exec-1.3,org.apache.commons.exec,DefaultExecutorTest,testExecuteAsyncWithTimelyUserTermination,15,1,0
commons-exec-1.3,org.apache.commons.exec,DefaultExecutorTest,testExecuteAsyncWithTooLateUserTermination,14,1,0
commons-exec-1.3,org.apache.commons.exec,DefaultExecutorTest,testExecuteWatchdogSync,27,2,0
commons-exec-1.3,org.apache.commons.exec,DefaultExecutorTest,testExecuteWatchdogAsync,15,1,0
commons-exec-1.3,org.apache.commons.exec,DefaultExecutorTest,testExecuteWatchdogVeryLongTimeout,15,1,0
commons-exec-1.3,org.apache.commons.exec,DefaultExecutorTest,testExecuteNonExistingApplication,5,1,0
commons-exec-1.3,org.apache.commons.exec,DefaultExecutorTest,testExecuteAsyncWithNonExistingApplication,8,1,0
commons-exec-1.3,org.apache.commons.exec,DefaultExecutorTest,testExecuteWithCustomExitValue1,5,1,0
commons-exec-1.3,org.apache.commons.exec,DefaultExecutorTest,testExecuteWithCustomExitValue2,11,1,0
commons-exec-1.3,org.apache.commons.exec,DefaultExecutorTest,testExecuteWithProcessDestroyer,12,1,0
commons-exec-1.3,org.apache.commons.exec,DefaultExecutorTest,testExecuteAsyncWithProcessDestroyer,23,1,0
commons-exec-1.3,org.apache.commons.exec,DefaultExecutorTest,testExecuteWithFancyArg,7,1,0
commons-exec-1.3,org.apache.commons.exec,DefaultExecutorTest,testExecuteWithRedirectedStreams,24,3,0
commons-exec-1.3,org.apache.commons.exec,DefaultExecutorTest,testExecuteWithStdOutErr,8,1,0
commons-exec-1.3,org.apache.commons.exec,DefaultExecutorTest,testExecuteWithNullOutErr,8,1,0
commons-exec-1.3,org.apache.commons.exec,DefaultExecutorTest,testExecuteWithRedirectOutErr,17,1,0
commons-exec-1.3,org.apache.commons.exec,DefaultExecutorTest,testExecuteWithComplexArguments,8,1,0
commons-exec-1.3,org.apache.commons.exec,DefaultExecutorTest,testStdInHandling,14,1,0
commons-exec-1.3,org.apache.commons.exec,DefaultExecutorTest,testEnvironmentVariables,6,1,0
commons-exec-1.3,org.apache.commons.exec,DefaultExecutorTest,testAddEnvironmentVariables,9,1,0
commons-exec-1.3,org.apache.commons.exec,DefaultExecutorTest,testAddEnvironmentVariableEmbeddedQuote,11,1,0
commons-exec-1.3,org.apache.commons.exec,DefaultExecutorTest,_testExecuteStability,24,3,0
commons-exec-1.3,org.apache.commons.exec,DefaultExecutorTest,readFile,10,2,1
commons-exec-1.3,org.apache.commons.exec,DefaultExecutorTest,getOccurrences,9,3,2
commons-exec-1.3,org.apache.commons.exec,LogOutputStreamTest,classSetUp,4,1,0
commons-exec-1.3,org.apache.commons.exec,LogOutputStreamTest,setUp,4,1,0
commons-exec-1.3,org.apache.commons.exec,LogOutputStreamTest,tearDown,3,1,0
commons-exec-1.3,org.apache.commons.exec,LogOutputStreamTest,testStdout,5,1,0
commons-exec-1.3,org.apache.commons.exec,LogOutputStreamTest,SystemLogOutputStream,3,1,1
commons-exec-1.3,org.apache.commons.exec,LogOutputStreamTest,processLine,3,1,2
commons-exec-1.3,org.apache.commons.exec,SystemLogOutputStream,SystemLogOutputStream,3,1,1
commons-exec-1.3,org.apache.commons.exec,SystemLogOutputStream,processLine,3,1,2
commons-exec-1.3,org.apache.commons.exec,StandAloneTest,classSetUp,4,1,0
commons-exec-1.3,org.apache.commons.exec,StandAloneTest,testMe,10,2,0
commons-exec-1.3,org.apache.commons.exec,TestUtil,TestUtil,2,1,0
commons-exec-1.3,org.apache.commons.exec,TestUtil,resolveScriptForOS,14,4,1
commons-exec-1.3,org.apache.commons.exec,TestUtil,getTestScriptCodesForOS,14,4,0
commons-exec-1.3,org.apache.commons.exec,TutorialTest,testTutorialExample,19,1,0
commons-exec-1.3,org.apache.commons.exec,TutorialTest,print,29,3,3
commons-exec-1.3,org.apache.commons.exec,TutorialTest,PrintResultHandler,3,1,1
commons-exec-1.3,org.apache.commons.exec,TutorialTest,PrintResultHandler,3,1,1
commons-exec-1.3,org.apache.commons.exec,TutorialTest,onProcessComplete,4,1,1
commons-exec-1.3,org.apache.commons.exec,TutorialTest,onProcessFailed,9,2,1
commons-exec-1.3,org.apache.commons.exec,PrintResultHandler,PrintResultHandler,3,1,1
commons-exec-1.3,org.apache.commons.exec,PrintResultHandler,PrintResultHandler,3,1,1
commons-exec-1.3,org.apache.commons.exec,PrintResultHandler,onProcessComplete,4,1,1
commons-exec-1.3,org.apache.commons.exec,PrintResultHandler,onProcessFailed,9,2,1
commons-exec-1.3,org.apache.commons.exec.environment,DefaultProcessingEnvironment,getProcEnvironment,8,2,0
commons-exec-1.3,org.apache.commons.exec.environment,DefaultProcessingEnvironment,createProcEnvironment,8,2,0
commons-exec-1.3,org.apache.commons.exec.environment,DefaultProcessingEnvironment,runProcEnvCommand,3,1,0
commons-exec-1.3,org.apache.commons.exec.environment,DefaultProcessingEnvironment,getProcEnvCommand,4,1,0
commons-exec-1.3,org.apache.commons.exec.environment,DefaultProcessingEnvironment,createEnvironmentMap,11,2,0
commons-exec-1.3,org.apache.commons.exec.environment,DefaultProcessingEnvironment,compare,3,1,2
commons-exec-1.3,org.apache.commons.exec.environment,EnvironmentUtils,EnvironmentUtils,2,1,0
commons-exec-1.3,org.apache.commons.exec.environment,EnvironmentUtils,toStrings,14,3,1
commons-exec-1.3,org.apache.commons.exec.environment,EnvironmentUtils,getProcEnvironment,3,1,0
commons-exec-1.3,org.apache.commons.exec.environment,EnvironmentUtils,addVariableToEnvironment,4,1,2
commons-exec-1.3,org.apache.commons.exec.environment,EnvironmentUtils,parseEnvironmentVariable,10,2,1
commons-exec-1.3,org.apache.commons.exec.environment,EnvironmentUtilsTest,testToStrings,12,1,0
commons-exec-1.3,org.apache.commons.exec.environment,EnvironmentUtilsTest,testGetProcEnvironment,9,2,0
commons-exec-1.3,org.apache.commons.exec.environment,EnvironmentUtilsTest,testGetProcEnvironmentCaseInsensitiveLookup,16,3,0
commons-exec-1.3,org.apache.commons.exec.environment,EnvironmentUtilsTest,testCaseInsensitiveVariableLookup,5,1,0
commons-exec-1.3,org.apache.commons.exec.environment,EnvironmentUtilsTest,testToStringWithNullKey,7,1,0
commons-exec-1.3,org.apache.commons.exec.environment,EnvironmentUtilsTest,testToStringWithNullValue,7,1,0
commons-exec-1.3,org.apache.commons.exec.launcher,CommandLauncher,exec,0,1,2
commons-exec-1.3,org.apache.commons.exec.launcher,CommandLauncher,exec,0,1,3
commons-exec-1.3,org.apache.commons.exec.launcher,CommandLauncher,isFailure,0,1,1
commons-exec-1.3,org.apache.commons.exec.launcher,CommandLauncherFactory,CommandLauncherFactory,2,1,0
commons-exec-1.3,org.apache.commons.exec.launcher,CommandLauncherFactory,createVMLauncher,10,2,0
commons-exec-1.3,org.apache.commons.exec.launcher,CommandLauncherImpl,exec,4,1,2
commons-exec-1.3,org.apache.commons.exec.launcher,CommandLauncherImpl,exec,0,1,3
commons-exec-1.3,org.apache.commons.exec.launcher,CommandLauncherImpl,isFailure,3,1,1
commons-exec-1.3,org.apache.commons.exec.launcher,CommandLauncherProxy,CommandLauncherProxy,3,1,1
commons-exec-1.3,org.apache.commons.exec.launcher,CommandLauncherProxy,exec,3,1,2
commons-exec-1.3,org.apache.commons.exec.launcher,Java13CommandLauncher,Java13CommandLauncher,2,1,0
commons-exec-1.3,org.apache.commons.exec.launcher,Java13CommandLauncher,exec,4,1,3
commons-exec-1.3,org.apache.commons.exec.launcher,OS2CommandLauncher,OS2CommandLauncher,3,1,1
commons-exec-1.3,org.apache.commons.exec.launcher,OS2CommandLauncher,exec,9,2,3
commons-exec-1.3,org.apache.commons.exec.launcher,VmsCommandLauncher,exec,4,1,2
commons-exec-1.3,org.apache.commons.exec.launcher,VmsCommandLauncher,exec,4,1,3
commons-exec-1.3,org.apache.commons.exec.launcher,VmsCommandLauncher,isFailure,3,1,1
commons-exec-1.3,org.apache.commons.exec.launcher,VmsCommandLauncher,createCommandFile,62,10,2
commons-exec-1.3,org.apache.commons.exec.launcher,WinNTCommandLauncher,WinNTCommandLauncher,3,1,1
commons-exec-1.3,org.apache.commons.exec.launcher,WinNTCommandLauncher,exec,9,2,3
commons-exec-1.3,org.apache.commons.exec.util,DebugUtils,handleException,12,4,2
commons-exec-1.3,org.apache.commons.exec.util,DebugUtils,isDebugEnabled,4,1,0
commons-exec-1.3,org.apache.commons.exec.util,DebugUtils,isLenientEnabled,4,1,0
commons-exec-1.3,org.apache.commons.exec.util,MapUtils,copy,8,2,1
commons-exec-1.3,org.apache.commons.exec.util,MapUtils,prefix,12,3,2
commons-exec-1.3,org.apache.commons.exec.util,MapUtils,merge,14,3,2
commons-exec-1.3,org.apache.commons.exec.util,StringUtils,stringSubstitution,67,13,3
commons-exec-1.3,org.apache.commons.exec.util,StringUtils,split,8,2,2
commons-exec-1.3,org.apache.commons.exec.util,StringUtils,fixFileSeparatorChar,3,1,1
commons-exec-1.3,org.apache.commons.exec.util,StringUtils,toString,10,3,2
commons-exec-1.3,org.apache.commons.exec.util,StringUtils,quoteArgument,22,6,1
commons-exec-1.3,org.apache.commons.exec.util,StringUtils,isQuoted,3,1,1
commons-exec-1.3,org.apache.commons.exec.util,MapUtilTest,testCopyMap,11,1,0
commons-exec-1.3,org.apache.commons.exec.util,MapUtilTest,testMergeMap,8,1,0
commons-exec-1.3,org.apache.commons.exec.util,MapUtilTest,testPrefixMap,7,1,0
commons-exec-1.3,org.apache.commons.exec.util,StringUtilTest,testNoStringSubstitution,6,1,0
commons-exec-1.3,org.apache.commons.exec.util,StringUtilTest,testDefaultStringSubstitution,7,1,0
commons-exec-1.3,org.apache.commons.exec.util,StringUtilTest,testIncompleteSubstitution,11,1,0
commons-exec-1.3,org.apache.commons.exec.util,StringUtilTest,testErroneousTemplate,5,1,0
commons-exec-1.3,org.apache.commons.exec.issues,Exec33Test,testExec33,8,1,0
commons-exec-1.3,org.apache.commons.exec.issues,Exec34Test,testExec34_1,12,1,0
commons-exec-1.3,org.apache.commons.exec.issues,Exec34Test,testExec34_2,13,1,0
commons-exec-1.3,org.apache.commons.exec.issues,Exec36Test,setUp,4,1,0
commons-exec-1.3,org.apache.commons.exec.issues,Exec36Test,tearDown,3,1,0
commons-exec-1.3,org.apache.commons.exec.issues,Exec36Test,testExec36_1,21,2,0
commons-exec-1.3,org.apache.commons.exec.issues,Exec36Test,testExec36_2,28,4,0
commons-exec-1.3,org.apache.commons.exec.issues,Exec36Test,_testExec36_4,12,1,0
commons-exec-1.3,org.apache.commons.exec.issues,Exec36Test,_testExec36_5,9,1,0
commons-exec-1.3,org.apache.commons.exec.issues,Exec36Test,_testExec36_6,8,1,0
commons-exec-1.3,org.apache.commons.exec.issues,Exec41Test,testExec41WithStreams,34,5,0
commons-exec-1.3,org.apache.commons.exec.issues,Exec41Test,testExec41WithoutStreams,23,2,0
commons-exec-1.3,org.apache.commons.exec.issues,Exec44Test,testExec44,12,1,0
commons-exec-1.3,org.apache.commons.exec.issues,Exec49Test,testExec49_1,20,3,0
commons-exec-1.3,org.apache.commons.exec.issues,Exec49Test,testExec49_2,20,3,0
commons-exec-1.3,org.apache.commons.exec.issues,Exec57Test,testExec_57,22,2,0
commons-exec-1.3,org.apache.commons.exec.issues,Exec60Test,testExec_60,30,3,0
