Project Name,Package Name,Type Name,NOF,NOPF,NOM,NOPM,LOC,WMC,NC,DIT,LCOM,FANIN,FANOUT,File path
commons-exec-1.3,org.apache.commons.exec,CommandLine,6,0,24,18,325,49,0,0,0.0,24,3,c:\sources\commons-exec-1.3\src\main\java\org\apache\commons\exec\CommandLine.java
commons-exec-1.3,org.apache.commons.exec,Argument,2,0,3,0,17,3,0,0,0.0,1,0,c:\sources\commons-exec-1.3\src\main\java\org\apache\commons\exec\CommandLine.java
commons-exec-1.3,org.apache.commons.exec,DaemonExecutor,0,0,1,0,17,1,0,2,-1.0,0,0,c:\sources\commons-exec-1.3\src\main\java\org\apache\commons\exec\DaemonExecutor.java
commons-exec-1.3,org.apache.commons.exec,DefaultExecuteResultHandler,4,0,8,8,94,12,1,1,0.0,4,2,c:\sources\commons-exec-1.3\src\main\java\org\apache\commons\exec\DefaultExecuteResultHandler.java
commons-exec-1.3,org.apache.commons.exec,DefaultExecutor,8,0,24,17,324,41,1,1,0.0,6,10,c:\sources\commons-exec-1.3\src\main\java\org\apache\commons\exec\DefaultExecutor.java
commons-exec-1.3,org.apache.commons.exec,ExecuteException,3,0,4,4,52,4,0,0,0.0,6,0,c:\sources\commons-exec-1.3\src\main\java\org\apache\commons\exec\ExecuteException.java
commons-exec-1.3,org.apache.commons.exec,ExecuteResultHandler,0,0,2,0,17,2,1,0,-1.0,2,1,c:\sources\commons-exec-1.3\src\main\java\org\apache\commons\exec\ExecuteResultHandler.java
commons-exec-1.3,org.apache.commons.exec,ExecuteStreamHandler,0,0,5,0,34,5,1,0,-1.0,2,0,c:\sources\commons-exec-1.3\src\main\java\org\apache\commons\exec\ExecuteStreamHandler.java
commons-exec-1.3,org.apache.commons.exec,ExecuteWatchdog,8,1,11,8,169,20,0,1,0.0,9,2,c:\sources\commons-exec-1.3\src\main\java\org\apache\commons\exec\ExecuteWatchdog.java
commons-exec-1.3,org.apache.commons.exec,Executor,1,0,15,0,96,15,1,0,-1.0,13,5,c:\sources\commons-exec-1.3\src\main\java\org\apache\commons\exec\Executor.java
commons-exec-1.3,org.apache.commons.exec,InputStreamPumper,4,1,3,3,52,5,0,0,0.0,1,1,c:\sources\commons-exec-1.3\src\main\java\org\apache\commons\exec\InputStreamPumper.java
commons-exec-1.3,org.apache.commons.exec,LogOutputStream,6,0,10,7,128,18,1,0,0.2,0,0,c:\sources\commons-exec-1.3\src\main\java\org\apache\commons\exec\LogOutputStream.java
commons-exec-1.3,org.apache.commons.exec,OS,15,0,17,15,157,33,0,0,0.11764705882352941,11,1,c:\sources\commons-exec-1.3\src\main\java\org\apache\commons\exec\OS.java
commons-exec-1.3,org.apache.commons.exec,ProcessDestroyer,0,0,3,0,24,3,1,0,-1.0,2,0,c:\sources\commons-exec-1.3\src\main\java\org\apache\commons\exec\ProcessDestroyer.java
commons-exec-1.3,org.apache.commons.exec,PumpStreamHandler,10,0,18,10,238,32,0,1,0.1111111111111111,8,5,c:\sources\commons-exec-1.3\src\main\java\org\apache\commons\exec\PumpStreamHandler.java
commons-exec-1.3,org.apache.commons.exec,ShutdownHookProcessDestroyer,5,0,11,9,131,18,0,1,0.36363636363636365,1,1,c:\sources\commons-exec-1.3\src\main\java\org\apache\commons\exec\ShutdownHookProcessDestroyer.java
commons-exec-1.3,org.apache.commons.exec,ProcessDestroyerImpl,1,0,3,3,14,4,0,0,0.6666666666666666,1,0,c:\sources\commons-exec-1.3\src\main\java\org\apache\commons\exec\ShutdownHookProcessDestroyer.java
commons-exec-1.3,org.apache.commons.exec,StreamPumper,6,0,6,6,112,9,0,0,0.0,1,1,c:\sources\commons-exec-1.3\src\main\java\org\apache\commons\exec\StreamPumper.java
commons-exec-1.3,org.apache.commons.exec,TimeoutObserver,0,0,1,0,12,1,1,0,-1.0,1,1,c:\sources\commons-exec-1.3\src\main\java\org\apache\commons\exec\TimeoutObserver.java
commons-exec-1.3,org.apache.commons.exec,Watchdog,3,0,7,6,58,11,0,0,0.0,2,1,c:\sources\commons-exec-1.3\src\main\java\org\apache\commons\exec\Watchdog.java
commons-exec-1.3,org.apache.commons.exec,CommandLineTest,0,0,34,34,338,34,0,0,-1.0,0,2,c:\sources\commons-exec-1.3\src\test\java\org\apache\commons\exec\CommandLineTest.java
commons-exec-1.3,org.apache.commons.exec,DefaultExecutorTest,15,0,35,33,513,44,0,0,0.0,0,10,c:\sources\commons-exec-1.3\src\test\java\org\apache\commons\exec\DefaultExecutorTest.java
commons-exec-1.3,org.apache.commons.exec,LogOutputStreamTest,4,0,6,4,34,6,0,0,0.6666666666666666,0,4,c:\sources\commons-exec-1.3\src\test\java\org\apache\commons\exec\LogOutputStreamTest.java
commons-exec-1.3,org.apache.commons.exec,SystemLogOutputStream,0,0,2,0,8,2,0,1,-1.0,1,0,c:\sources\commons-exec-1.3\src\test\java\org\apache\commons\exec\LogOutputStreamTest.java
commons-exec-1.3,org.apache.commons.exec,StandAloneTest,0,0,2,2,20,3,0,0,-1.0,0,6,c:\sources\commons-exec-1.3\src\test\java\org\apache\commons\exec\StandAloneTest.java
commons-exec-1.3,org.apache.commons.exec,TestUtil,0,0,3,2,39,9,0,0,-1.0,2,1,c:\sources\commons-exec-1.3\src\test\java\org\apache\commons\exec\TestUtil.java
commons-exec-1.3,org.apache.commons.exec,TutorialTest,3,0,6,6,92,9,0,0,0.6666666666666666,0,6,c:\sources\commons-exec-1.3\src\test\java\org\apache\commons\exec\TutorialTest.java
commons-exec-1.3,org.apache.commons.exec,PrintResultHandler,1,0,4,4,22,5,0,2,0.75,1,2,c:\sources\commons-exec-1.3\src\test\java\org\apache\commons\exec\TutorialTest.java
commons-exec-1.3,org.apache.commons.exec.environment,DefaultProcessingEnvironment,1,0,6,2,69,9,1,0,0.6666666666666666,1,2,c:\sources\commons-exec-1.3\src\main\java\org\apache\commons\exec\environment\DefaultProcessingEnvironment.java
commons-exec-1.3,org.apache.commons.exec.environment,EnvironmentUtils,1,0,5,3,66,8,0,0,0.8,6,2,c:\sources\commons-exec-1.3\src\main\java\org\apache\commons\exec\environment\EnvironmentUtils.java
commons-exec-1.3,org.apache.commons.exec.environment,OpenVmsProcessingEnvironment,0,0,0,0,7,0,0,1,-1.0,0,0,c:\sources\commons-exec-1.3\src\main\java\org\apache\commons\exec\environment\OpenVmsProcessingEnvironment.java
commons-exec-1.3,org.apache.commons.exec.environment,EnvironmentUtilsTest,0,0,6,6,82,9,0,0,-1.0,0,2,c:\sources\commons-exec-1.3\src\test\java\org\apache\commons\exec\environment\EnvironmentUtilsTest.java
commons-exec-1.3,org.apache.commons.exec.launcher,CommandLauncher,0,0,3,0,29,3,1,0,-1.0,5,1,c:\sources\commons-exec-1.3\src\main\java\org\apache\commons\exec\launcher\CommandLauncher.java
commons-exec-1.3,org.apache.commons.exec.launcher,CommandLauncherFactory,0,0,2,1,22,3,0,0,-1.0,1,4,c:\sources\commons-exec-1.3\src\main\java\org\apache\commons\exec\launcher\CommandLauncherFactory.java
commons-exec-1.3,org.apache.commons.exec.launcher,CommandLauncherImpl,0,0,3,3,17,3,2,1,-1.0,0,2,c:\sources\commons-exec-1.3\src\main\java\org\apache\commons\exec\launcher\CommandLauncherImpl.java
commons-exec-1.3,org.apache.commons.exec.launcher,CommandLauncherProxy,1,0,2,2,19,2,2,2,0.0,0,2,c:\sources\commons-exec-1.3\src\main\java\org\apache\commons\exec\launcher\CommandLauncherProxy.java
commons-exec-1.3,org.apache.commons.exec.launcher,Java13CommandLauncher,0,0,2,2,22,2,1,2,-1.0,1,2,c:\sources\commons-exec-1.3\src\main\java\org\apache\commons\exec\launcher\Java13CommandLauncher.java
commons-exec-1.3,org.apache.commons.exec.launcher,OS2CommandLauncher,0,0,2,2,25,3,0,3,-1.0,0,2,c:\sources\commons-exec-1.3\src\main\java\org\apache\commons\exec\launcher\OS2CommandLauncher.java
commons-exec-1.3,org.apache.commons.exec.launcher,VmsCommandLauncher,0,0,4,3,88,13,0,3,-1.0,1,2,c:\sources\commons-exec-1.3\src\main\java\org\apache\commons\exec\launcher\VmsCommandLauncher.java
commons-exec-1.3,org.apache.commons.exec.launcher,WinNTCommandLauncher,0,0,2,2,25,3,0,3,-1.0,0,2,c:\sources\commons-exec-1.3\src\main\java\org\apache\commons\exec\launcher\WinNTCommandLauncher.java
commons-exec-1.3,org.apache.commons.exec.util,DebugUtils,2,2,3,3,47,6,0,0,0.0,5,1,c:\sources\commons-exec-1.3\src\main\java\org\apache\commons\exec\util\DebugUtils.java
commons-exec-1.3,org.apache.commons.exec.util,MapUtils,0,0,3,3,63,8,0,0,-1.0,1,0,c:\sources\commons-exec-1.3\src\main\java\org\apache\commons\exec\util\MapUtils.java
commons-exec-1.3,org.apache.commons.exec.util,StringUtils,4,0,6,6,158,26,0,0,0.6666666666666666,5,1,c:\sources\commons-exec-1.3\src\main\java\org\apache\commons\exec\util\StringUtils.java
commons-exec-1.3,org.apache.commons.exec.util,MapUtilTest,0,0,3,3,40,3,0,0,-1.0,0,2,c:\sources\commons-exec-1.3\src\test\java\org\apache\commons\exec\util\MapUtilTest.java
commons-exec-1.3,org.apache.commons.exec.util,StringUtilTest,0,0,4,4,46,4,0,0,-1.0,0,1,c:\sources\commons-exec-1.3\src\test\java\org\apache\commons\exec\util\StringUtilTest.java
commons-exec-1.3,org.apache.commons.exec.issues,Exec33Test,3,0,1,1,17,1,0,0,0.0,0,4,c:\sources\commons-exec-1.3\src\test\java\org\apache\commons\exec\issues\Exec33Test.java
commons-exec-1.3,org.apache.commons.exec.issues,Exec34Test,3,0,2,2,42,2,0,0,0.0,0,4,c:\sources\commons-exec-1.3\src\test\java\org\apache\commons\exec\issues\Exec34Test.java
commons-exec-1.3,org.apache.commons.exec.issues,Exec36Test,4,0,7,7,112,11,0,0,0.5714285714285714,0,3,c:\sources\commons-exec-1.3\src\test\java\org\apache\commons\exec\issues\Exec36Test.java
commons-exec-1.3,org.apache.commons.exec.issues,Exec41Test,2,0,2,2,73,7,0,0,1.0,0,5,c:\sources\commons-exec-1.3\src\test\java\org\apache\commons\exec\issues\Exec41Test.java
commons-exec-1.3,org.apache.commons.exec.issues,Exec44Test,3,0,1,1,25,1,0,0,0.0,0,4,c:\sources\commons-exec-1.3\src\test\java\org\apache\commons\exec\issues\Exec44Test.java
commons-exec-1.3,org.apache.commons.exec.issues,Exec49Test,1,0,2,2,55,6,0,0,0.0,0,5,c:\sources\commons-exec-1.3\src\test\java\org\apache\commons\exec\issues\Exec49Test.java
commons-exec-1.3,org.apache.commons.exec.issues,Exec57Test,1,0,1,1,33,2,0,0,0.0,0,4,c:\sources\commons-exec-1.3\src\test\java\org\apache\commons\exec\issues\Exec57Test.java
commons-exec-1.3,org.apache.commons.exec.issues,Exec60Test,3,0,1,1,42,3,0,0,0.0,0,3,c:\sources\commons-exec-1.3\src\test\java\org\apache\commons\exec\issues\Exec60Test.java
