Project Name,Package Name,Type Name,Design Smell,Cause of the Smell
httpcomponents-core-rel-v4.1.4,org.apache.http.examples,ElementalHttpGet,Unutilized Abstraction,The tool detected the smell in this class because this class is potentially unused. (Please ignore the smell if the reported class is auto-generated and/or used to serve a specific known purpose.)
httpcomponents-core-rel-v4.1.4,org.apache.http.examples,ElementalHttpPost,Unutilized Abstraction,The tool detected the smell in this class because this class is potentially unused. (Please ignore the smell if the reported class is auto-generated and/or used to serve a specific known purpose.)
httpcomponents-core-rel-v4.1.4,org.apache.http.examples,ElementalHttpServer,Unutilized Abstraction,The tool detected the smell in this class because this class is potentially unused. (Please ignore the smell if the reported class is auto-generated and/or used to serve a specific known purpose.)
httpcomponents-core-rel-v4.1.4,org.apache.http.examples,ElementalReverseProxy,Unutilized Abstraction,The tool detected the smell in this class because this class is potentially unused. (Please ignore the smell if the reported class is auto-generated and/or used to serve a specific known purpose.)
httpcomponents-core-rel-v4.1.4,org.apache.http.examples,RequestListenerThread,Unutilized Abstraction,The tool detected the smell in this class because this class is potentially unused. (Please ignore the smell if the reported class is auto-generated and/or used to serve a specific known purpose.)
httpcomponents-core-rel-v4.1.4,org.apache.http,FormattedHeader,Unutilized Abstraction,The tool detected the smell in this class because this class is potentially unused. (Please ignore the smell if the reported class is auto-generated and/or used to serve a specific known purpose.)
httpcomponents-core-rel-v4.1.4,org.apache.http,HttpHeaders,Unutilized Abstraction,The tool detected the smell in this class because this class is potentially unused. (Please ignore the smell if the reported class is auto-generated and/or used to serve a specific known purpose.)
httpcomponents-core-rel-v4.1.4,org.apache.http,HttpHeaders,Deficient Encapsulation,The tool detected the smell in this class because the class exposes fields belonging to it with public accessibility. Following fields are declared with public accessiblity: ACCEPT; ACCEPT_CHARSET; ACCEPT_ENCODING; ACCEPT_LANGUAGE; ACCEPT_RANGES; AGE; ALLOW; AUTHORIZATION; CACHE_CONTROL; CONNECTION; CONTENT_ENCODING; CONTENT_LANGUAGE; CONTENT_LENGTH; CONTENT_LOCATION; CONTENT_MD5; CONTENT_RANGE; CONTENT_TYPE; DATE; DAV; DEPTH; DESTINATION; ETAG; EXPECT; EXPIRES; FROM; HOST; IF; IF_MATCH; IF_MODIFIED_SINCE; IF_NONE_MATCH; IF_RANGE; IF_UNMODIFIED_SINCE; LAST_MODIFIED; LOCATION; LOCK_TOKEN; MAX_FORWARDS; OVERWRITE; PRAGMA; PROXY_AUTHENTICATE; PROXY_AUTHORIZATION; RANGE; REFERER; RETRY_AFTER; SERVER; STATUS_URI; TE; TIMEOUT; TRAILER; TRANSFER_ENCODING; UPGRADE; USER_AGENT; VARY; VIA; WARNING; WWW_AUTHENTICATE
httpcomponents-core-rel-v4.1.4,org.apache.http,HttpHost,Deficient Encapsulation,The tool detected the smell in this class because the class exposes fields belonging to it with public accessibility. Following fields are declared with public accessiblity: serialVersionUID; DEFAULT_SCHEME_NAME; hostname; lcHostname; port; schemeName
httpcomponents-core-rel-v4.1.4,org.apache.http,HttpInetConnection,Unutilized Abstraction,The tool detected the smell in this class because this class is potentially unused. (Please ignore the smell if the reported class is auto-generated and/or used to serve a specific known purpose.)
httpcomponents-core-rel-v4.1.4,org.apache.http,HttpStatus,Deficient Encapsulation,The tool detected the smell in this class because the class exposes fields belonging to it with public accessibility. Following fields are declared with public accessiblity: SC_CONTINUE; SC_SWITCHING_PROTOCOLS; SC_PROCESSING; SC_OK; SC_CREATED; SC_ACCEPTED; SC_NON_AUTHORITATIVE_INFORMATION; SC_NO_CONTENT; SC_RESET_CONTENT; SC_PARTIAL_CONTENT; SC_MULTI_STATUS; SC_MULTIPLE_CHOICES; SC_MOVED_PERMANENTLY; SC_MOVED_TEMPORARILY; SC_SEE_OTHER; SC_NOT_MODIFIED; SC_USE_PROXY; SC_TEMPORARY_REDIRECT; SC_BAD_REQUEST; SC_UNAUTHORIZED; SC_PAYMENT_REQUIRED; SC_FORBIDDEN; SC_NOT_FOUND; SC_METHOD_NOT_ALLOWED; SC_NOT_ACCEPTABLE; SC_PROXY_AUTHENTICATION_REQUIRED; SC_REQUEST_TIMEOUT; SC_CONFLICT; SC_GONE; SC_LENGTH_REQUIRED; SC_PRECONDITION_FAILED; SC_REQUEST_TOO_LONG; SC_REQUEST_URI_TOO_LONG; SC_UNSUPPORTED_MEDIA_TYPE; SC_REQUESTED_RANGE_NOT_SATISFIABLE; SC_EXPECTATION_FAILED; SC_INSUFFICIENT_SPACE_ON_RESOURCE; SC_METHOD_FAILURE; SC_UNPROCESSABLE_ENTITY; SC_LOCKED; SC_FAILED_DEPENDENCY; SC_INTERNAL_SERVER_ERROR; SC_NOT_IMPLEMENTED; SC_BAD_GATEWAY; SC_SERVICE_UNAVAILABLE; SC_GATEWAY_TIMEOUT; SC_HTTP_VERSION_NOT_SUPPORTED; SC_INSUFFICIENT_STORAGE
httpcomponents-core-rel-v4.1.4,org.apache.http,HttpStatus,Broken Modularization,The tool detected the smell in this class because it contains only data members without any method implementation. Following fields are declared in this class: SC_CONTINUE; SC_SWITCHING_PROTOCOLS; SC_PROCESSING; SC_OK; SC_CREATED; SC_ACCEPTED; SC_NON_AUTHORITATIVE_INFORMATION; SC_NO_CONTENT; SC_RESET_CONTENT; SC_PARTIAL_CONTENT; SC_MULTI_STATUS; SC_MULTIPLE_CHOICES; SC_MOVED_PERMANENTLY; SC_MOVED_TEMPORARILY; SC_SEE_OTHER; SC_NOT_MODIFIED; SC_USE_PROXY; SC_TEMPORARY_REDIRECT; SC_BAD_REQUEST; SC_UNAUTHORIZED; SC_PAYMENT_REQUIRED; SC_FORBIDDEN; SC_NOT_FOUND; SC_METHOD_NOT_ALLOWED; SC_NOT_ACCEPTABLE; SC_PROXY_AUTHENTICATION_REQUIRED; SC_REQUEST_TIMEOUT; SC_CONFLICT; SC_GONE; SC_LENGTH_REQUIRED; SC_PRECONDITION_FAILED; SC_REQUEST_TOO_LONG; SC_REQUEST_URI_TOO_LONG; SC_UNSUPPORTED_MEDIA_TYPE; SC_REQUESTED_RANGE_NOT_SATISFIABLE; SC_EXPECTATION_FAILED; SC_INSUFFICIENT_SPACE_ON_RESOURCE; SC_METHOD_FAILURE; SC_UNPROCESSABLE_ENTITY; SC_LOCKED; SC_FAILED_DEPENDENCY; SC_INTERNAL_SERVER_ERROR; SC_NOT_IMPLEMENTED; SC_BAD_GATEWAY; SC_SERVICE_UNAVAILABLE; SC_GATEWAY_TIMEOUT; SC_HTTP_VERSION_NOT_SUPPORTED; SC_INSUFFICIENT_STORAGE
httpcomponents-core-rel-v4.1.4,org.apache.http,HttpVersion,Deficient Encapsulation,The tool detected the smell in this class because the class exposes fields belonging to it with public accessibility. Following fields are declared with public accessiblity: serialVersionUID; HTTP; HTTP_0_9; HTTP_1_0; HTTP_1_1
httpcomponents-core-rel-v4.1.4,org.apache.http,MethodNotSupportedException,Broken Hierarchy,The tool detected a potential instance of the smell because this type does not implement or override any method from it's supertype(s): HttpException
httpcomponents-core-rel-v4.1.4,org.apache.http,ParseException,Unutilized Abstraction,The tool detected the smell in this class because this class is potentially unused. (Please ignore the smell if the reported class is auto-generated and/or used to serve a specific known purpose.)
httpcomponents-core-rel-v4.1.4,org.apache.http,ProtocolException,Broken Hierarchy,The tool detected a potential instance of the smell because this type does not implement or override any method from it's supertype(s): HttpException
httpcomponents-core-rel-v4.1.4,org.apache.http,TruncatedChunkException,Unutilized Abstraction,The tool detected the smell in this class because this class is potentially unused. (Please ignore the smell if the reported class is auto-generated and/or used to serve a specific known purpose.)
httpcomponents-core-rel-v4.1.4,org.apache.http,TruncatedChunkException,Broken Hierarchy,The tool detected a potential instance of the smell because this type does not implement or override any method from it's supertype(s): MalformedChunkCodingException
httpcomponents-core-rel-v4.1.4,org.apache.http,UnsupportedHttpVersionException,Broken Hierarchy,The tool detected a potential instance of the smell because this type does not implement or override any method from it's supertype(s): ProtocolException
httpcomponents-core-rel-v4.1.4,org.apache.http,TestHttpExceptions,Unutilized Abstraction,The tool detected the smell in this class because this class is potentially unused. (Please ignore the smell if the reported class is auto-generated and/or used to serve a specific known purpose.)
httpcomponents-core-rel-v4.1.4,org.apache.http,TestHttpHost,Unutilized Abstraction,The tool detected the smell in this class because this class is potentially unused. (Please ignore the smell if the reported class is auto-generated and/or used to serve a specific known purpose.)
httpcomponents-core-rel-v4.1.4,org.apache.http,TestHttpVersion,Unutilized Abstraction,The tool detected the smell in this class because this class is potentially unused. (Please ignore the smell if the reported class is auto-generated and/or used to serve a specific known purpose.)
httpcomponents-core-rel-v4.1.4,org.apache.http,HttpCoreNIOSSLTestBase,Unutilized Abstraction,The tool detected the smell in this class because this class is potentially unused. (Please ignore the smell if the reported class is auto-generated and/or used to serve a specific known purpose.)
httpcomponents-core-rel-v4.1.4,org.apache.http,HttpCoreNIOTestBase,Unutilized Abstraction,The tool detected the smell in this class because this class is potentially unused. (Please ignore the smell if the reported class is auto-generated and/or used to serve a specific known purpose.)
httpcomponents-core-rel-v4.1.4,org.apache.http,OoopsieRuntimeException,Unutilized Abstraction,The tool detected the smell in this class because this class is potentially unused. (Please ignore the smell if the reported class is auto-generated and/or used to serve a specific known purpose.)
httpcomponents-core-rel-v4.1.4,org.apache.http.entity,ByteArrayEntity,Broken Hierarchy,The tool detected a potential instance of the smell because this type does not implement or override any method from it's supertype(s): AbstractHttpEntity
httpcomponents-core-rel-v4.1.4,org.apache.http.entity,ContentLengthStrategy,Deficient Encapsulation,The tool detected the smell in this class because the class exposes fields belonging to it with public accessibility. Following fields are declared with public accessiblity: IDENTITY; CHUNKED
httpcomponents-core-rel-v4.1.4,org.apache.http.entity,EntityTemplate,Broken Hierarchy,The tool detected a potential instance of the smell because this type does not implement or override any method from it's supertype(s): AbstractHttpEntity
httpcomponents-core-rel-v4.1.4,org.apache.http.entity,FileEntity,Broken Hierarchy,The tool detected a potential instance of the smell because this type does not implement or override any method from it's supertype(s): AbstractHttpEntity
httpcomponents-core-rel-v4.1.4,org.apache.http.entity,SerializableEntity,Broken Hierarchy,The tool detected a potential instance of the smell because this type does not implement or override any method from it's supertype(s): AbstractHttpEntity
httpcomponents-core-rel-v4.1.4,org.apache.http.entity,StringEntity,Broken Hierarchy,The tool detected a potential instance of the smell because this type does not implement or override any method from it's supertype(s): AbstractHttpEntity
httpcomponents-core-rel-v4.1.4,org.apache.http.entity,TestAbstractHttpEntity,Unutilized Abstraction,The tool detected the smell in this class because this class is potentially unused. (Please ignore the smell if the reported class is auto-generated and/or used to serve a specific known purpose.)
httpcomponents-core-rel-v4.1.4,org.apache.http.entity,TestBasicHttpEntity,Unutilized Abstraction,The tool detected the smell in this class because this class is potentially unused. (Please ignore the smell if the reported class is auto-generated and/or used to serve a specific known purpose.)
httpcomponents-core-rel-v4.1.4,org.apache.http.entity,TestBufferedHttpEntity,Unutilized Abstraction,The tool detected the smell in this class because this class is potentially unused. (Please ignore the smell if the reported class is auto-generated and/or used to serve a specific known purpose.)
httpcomponents-core-rel-v4.1.4,org.apache.http.entity,TestByteArrayEntity,Unutilized Abstraction,The tool detected the smell in this class because this class is potentially unused. (Please ignore the smell if the reported class is auto-generated and/or used to serve a specific known purpose.)
httpcomponents-core-rel-v4.1.4,org.apache.http.entity,TestEntityTemplate,Unutilized Abstraction,The tool detected the smell in this class because this class is potentially unused. (Please ignore the smell if the reported class is auto-generated and/or used to serve a specific known purpose.)
httpcomponents-core-rel-v4.1.4,org.apache.http.entity,TestFileEntity,Unutilized Abstraction,The tool detected the smell in this class because this class is potentially unused. (Please ignore the smell if the reported class is auto-generated and/or used to serve a specific known purpose.)
httpcomponents-core-rel-v4.1.4,org.apache.http.entity,TestHttpEntityWrapper,Unutilized Abstraction,The tool detected the smell in this class because this class is potentially unused. (Please ignore the smell if the reported class is auto-generated and/or used to serve a specific known purpose.)
httpcomponents-core-rel-v4.1.4,org.apache.http.entity,TestInputStreamEntity,Unutilized Abstraction,The tool detected the smell in this class because this class is potentially unused. (Please ignore the smell if the reported class is auto-generated and/or used to serve a specific known purpose.)
httpcomponents-core-rel-v4.1.4,org.apache.http.entity,TestSerializableEntity,Unutilized Abstraction,The tool detected the smell in this class because this class is potentially unused. (Please ignore the smell if the reported class is auto-generated and/or used to serve a specific known purpose.)
httpcomponents-core-rel-v4.1.4,org.apache.http.entity,TestSerializableEntity,Deficient Encapsulation,The tool detected the smell in this class because the class exposes fields belonging to it with public accessibility. Following fields are declared with public accessiblity: serialVersionUID; intValue; stringValue
httpcomponents-core-rel-v4.1.4,org.apache.http.entity,SerializableObject,Deficient Encapsulation,The tool detected the smell in this class because the class exposes fields belonging to it with public accessibility. Following fields are declared with public accessiblity: serialVersionUID; intValue; stringValue
httpcomponents-core-rel-v4.1.4,org.apache.http.entity,TestStringEntity,Unutilized Abstraction,The tool detected the smell in this class because this class is potentially unused. (Please ignore the smell if the reported class is auto-generated and/or used to serve a specific known purpose.)
httpcomponents-core-rel-v4.1.4,org.apache.http.impl,DefaultHttpClientConnection,Broken Hierarchy,The tool detected a potential instance of the smell because this type does not implement or override any method from it's supertype(s): SocketHttpClientConnection
httpcomponents-core-rel-v4.1.4,org.apache.http.impl,DefaultHttpServerConnection,Broken Hierarchy,The tool detected a potential instance of the smell because this type does not implement or override any method from it's supertype(s): SocketHttpServerConnection
httpcomponents-core-rel-v4.1.4,org.apache.http.impl,EnglishReasonPhraseCatalog,Deficient Encapsulation,The tool detected the smell in this class because the class exposes fields belonging to it with public accessibility. Following fields are declared with public accessiblity: INSTANCE; REASON_PHRASES
httpcomponents-core-rel-v4.1.4,org.apache.http.impl,HttpConnectionMetricsImpl,Deficient Encapsulation,The tool detected the smell in this class because the class exposes fields belonging to it with public accessibility. Following fields are declared with public accessiblity: REQUEST_COUNT; RESPONSE_COUNT; SENT_BYTES_COUNT; RECEIVED_BYTES_COUNT; inTransportMetric; outTransportMetric; requestCount; responseCount; metricsCache
httpcomponents-core-rel-v4.1.4,org.apache.http.impl,NoConnectionReuseStrategy,Unutilized Abstraction,The tool detected the smell in this class because this class is potentially unused. (Please ignore the smell if the reported class is auto-generated and/or used to serve a specific known purpose.)
httpcomponents-core-rel-v4.1.4,org.apache.http.impl,SocketHttpClientConnection,Broken Hierarchy,The tool detected a potential instance of the smell because this type does not implement or override any method from it's supertype(s): AbstractHttpClientConnection
httpcomponents-core-rel-v4.1.4,org.apache.http.impl,SocketHttpServerConnection,Broken Hierarchy,The tool detected a potential instance of the smell because this type does not implement or override any method from it's supertype(s): AbstractHttpServerConnection
httpcomponents-core-rel-v4.1.4,org.apache.http.impl,TestBasicRequest,Unutilized Abstraction,The tool detected the smell in this class because this class is potentially unused. (Please ignore the smell if the reported class is auto-generated and/or used to serve a specific known purpose.)
httpcomponents-core-rel-v4.1.4,org.apache.http.impl,TestDefaultConnectionReuseStrategy,Unutilized Abstraction,The tool detected the smell in this class because this class is potentially unused. (Please ignore the smell if the reported class is auto-generated and/or used to serve a specific known purpose.)
httpcomponents-core-rel-v4.1.4,org.apache.http.impl,TestDefaultConnectionReuseStrategy,Insufficient Modularization,The tool detected the smell in this class becuase the class has bloated interface (large number of public methods). Total public methods in the class: 25 public methods
httpcomponents-core-rel-v4.1.4,org.apache.http.impl,TestEnglishReasonPhraseCatalog,Unutilized Abstraction,The tool detected the smell in this class because this class is potentially unused. (Please ignore the smell if the reported class is auto-generated and/or used to serve a specific known purpose.)
httpcomponents-core-rel-v4.1.4,org.apache.http.impl.entity,TestEntityDeserializer,Unutilized Abstraction,The tool detected the smell in this class because this class is potentially unused. (Please ignore the smell if the reported class is auto-generated and/or used to serve a specific known purpose.)
httpcomponents-core-rel-v4.1.4,org.apache.http.impl.entity,TestEntitySerializer,Unutilized Abstraction,The tool detected the smell in this class because this class is potentially unused. (Please ignore the smell if the reported class is auto-generated and/or used to serve a specific known purpose.)
httpcomponents-core-rel-v4.1.4,org.apache.http.impl.entity,TestLaxContentLengthStrategy,Unutilized Abstraction,The tool detected the smell in this class because this class is potentially unused. (Please ignore the smell if the reported class is auto-generated and/or used to serve a specific known purpose.)
httpcomponents-core-rel-v4.1.4,org.apache.http.impl.entity,TestStrictContentLengthStrategy,Unutilized Abstraction,The tool detected the smell in this class because this class is potentially unused. (Please ignore the smell if the reported class is auto-generated and/or used to serve a specific known purpose.)
httpcomponents-core-rel-v4.1.4,org.apache.http.impl.io,HttpRequestParser,Broken Hierarchy,The tool detected a potential instance of the smell because this type does not implement or override any method from it's supertype(s): AbstractMessageParser
httpcomponents-core-rel-v4.1.4,org.apache.http.impl.io,HttpRequestWriter,Unutilized Abstraction,The tool detected the smell in this class because this class is potentially unused. (Please ignore the smell if the reported class is auto-generated and/or used to serve a specific known purpose.)
httpcomponents-core-rel-v4.1.4,org.apache.http.impl.io,HttpRequestWriter,Broken Hierarchy,The tool detected a potential instance of the smell because this type does not implement or override any method from it's supertype(s): AbstractMessageWriter
httpcomponents-core-rel-v4.1.4,org.apache.http.impl.io,HttpResponseParser,Broken Hierarchy,The tool detected a potential instance of the smell because this type does not implement or override any method from it's supertype(s): AbstractMessageParser
httpcomponents-core-rel-v4.1.4,org.apache.http.impl.io,HttpResponseWriter,Unutilized Abstraction,The tool detected the smell in this class because this class is potentially unused. (Please ignore the smell if the reported class is auto-generated and/or used to serve a specific known purpose.)
httpcomponents-core-rel-v4.1.4,org.apache.http.impl.io,HttpResponseWriter,Broken Hierarchy,The tool detected a potential instance of the smell because this type does not implement or override any method from it's supertype(s): AbstractMessageWriter
httpcomponents-core-rel-v4.1.4,org.apache.http.impl.io,SocketInputBuffer,Broken Hierarchy,The tool detected a potential instance of the smell because this type does not implement or override any method from it's supertype(s): AbstractSessionInputBuffer
httpcomponents-core-rel-v4.1.4,org.apache.http.impl.io,SocketOutputBuffer,Unutilized Abstraction,The tool detected the smell in this class because this class is potentially unused. (Please ignore the smell if the reported class is auto-generated and/or used to serve a specific known purpose.)
httpcomponents-core-rel-v4.1.4,org.apache.http.impl.io,SocketOutputBuffer,Broken Hierarchy,The tool detected a potential instance of the smell because this type does not implement or override any method from it's supertype(s): AbstractSessionOutputBuffer
httpcomponents-core-rel-v4.1.4,org.apache.http.impl.io,TestChunkCoding,Unutilized Abstraction,The tool detected the smell in this class because this class is potentially unused. (Please ignore the smell if the reported class is auto-generated and/or used to serve a specific known purpose.)
httpcomponents-core-rel-v4.1.4,org.apache.http.impl.io,TestChunkCoding,Insufficient Modularization,The tool detected the smell in this class becuase the class has bloated interface (large number of public methods). Total public methods in the class: 22 public methods
httpcomponents-core-rel-v4.1.4,org.apache.http.impl.io,TestContentLengthInputStream,Unutilized Abstraction,The tool detected the smell in this class because this class is potentially unused. (Please ignore the smell if the reported class is auto-generated and/or used to serve a specific known purpose.)
httpcomponents-core-rel-v4.1.4,org.apache.http.impl.io,TestContentLengthOutputStream,Unutilized Abstraction,The tool detected the smell in this class because this class is potentially unused. (Please ignore the smell if the reported class is auto-generated and/or used to serve a specific known purpose.)
httpcomponents-core-rel-v4.1.4,org.apache.http.impl.io,TestIdentityInputStream,Unutilized Abstraction,The tool detected the smell in this class because this class is potentially unused. (Please ignore the smell if the reported class is auto-generated and/or used to serve a specific known purpose.)
httpcomponents-core-rel-v4.1.4,org.apache.http.impl.io,TestIdentityOutputStream,Unutilized Abstraction,The tool detected the smell in this class because this class is potentially unused. (Please ignore the smell if the reported class is auto-generated and/or used to serve a specific known purpose.)
httpcomponents-core-rel-v4.1.4,org.apache.http.impl.io,TestMessageParser,Unutilized Abstraction,The tool detected the smell in this class because this class is potentially unused. (Please ignore the smell if the reported class is auto-generated and/or used to serve a specific known purpose.)
httpcomponents-core-rel-v4.1.4,org.apache.http.impl.io,TestRequestParser,Unutilized Abstraction,The tool detected the smell in this class because this class is potentially unused. (Please ignore the smell if the reported class is auto-generated and/or used to serve a specific known purpose.)
httpcomponents-core-rel-v4.1.4,org.apache.http.impl.io,TestResponseParser,Unutilized Abstraction,The tool detected the smell in this class because this class is potentially unused. (Please ignore the smell if the reported class is auto-generated and/or used to serve a specific known purpose.)
httpcomponents-core-rel-v4.1.4,org.apache.http.message,BasicHeaderValueFormatter,Deficient Encapsulation,The tool detected the smell in this class because the class exposes fields belonging to it with public accessibility. Following fields are declared with public accessiblity: DEFAULT; SEPARATORS; UNSAFE_CHARS
httpcomponents-core-rel-v4.1.4,org.apache.http.message,BasicHeaderValueParser,Deficient Encapsulation,The tool detected the smell in this class because the class exposes fields belonging to it with public accessibility. Following fields are declared with public accessiblity: DEFAULT; PARAM_DELIMITER; ELEM_DELIMITER; ALL_DELIMITERS
httpcomponents-core-rel-v4.1.4,org.apache.http.message,BasicHttpEntityEnclosingRequest,Broken Hierarchy,The tool detected a potential instance of the smell because this type does not implement or override any method from it's supertype(s): BasicHttpRequest
httpcomponents-core-rel-v4.1.4,org.apache.http.message,BasicHttpRequest,Broken Hierarchy,The tool detected a potential instance of the smell because this type does not implement or override any method from it's supertype(s): AbstractHttpMessage
httpcomponents-core-rel-v4.1.4,org.apache.http.message,BasicHttpResponse,Broken Hierarchy,The tool detected a potential instance of the smell because this type does not implement or override any method from it's supertype(s): AbstractHttpMessage
httpcomponents-core-rel-v4.1.4,org.apache.http.message,BasicLineFormatter,Deficient Encapsulation,The tool detected the smell in this class because the class exposes fields belonging to it with public accessibility. Following fields are declared with public accessiblity: DEFAULT
httpcomponents-core-rel-v4.1.4,org.apache.http.message,BasicLineParser,Deficient Encapsulation,The tool detected the smell in this class because the class exposes fields belonging to it with public accessibility. Following fields are declared with public accessiblity: DEFAULT; protocol
httpcomponents-core-rel-v4.1.4,org.apache.http.message,BasicTokenIterator,Deficient Encapsulation,The tool detected the smell in this class because the class exposes fields belonging to it with public accessibility. Following fields are declared with public accessiblity: HTTP_SEPARATORS; headerIt; currentHeader; currentToken; searchPos
httpcomponents-core-rel-v4.1.4,org.apache.http.message,TestAbstractMessage,Unutilized Abstraction,The tool detected the smell in this class because this class is potentially unused. (Please ignore the smell if the reported class is auto-generated and/or used to serve a specific known purpose.)
httpcomponents-core-rel-v4.1.4,org.apache.http.message,TestBasicHeaderElementIterator,Unutilized Abstraction,The tool detected the smell in this class because this class is potentially unused. (Please ignore the smell if the reported class is auto-generated and/or used to serve a specific known purpose.)
httpcomponents-core-rel-v4.1.4,org.apache.http.message,TestBasicHeaderIterator,Unutilized Abstraction,The tool detected the smell in this class because this class is potentially unused. (Please ignore the smell if the reported class is auto-generated and/or used to serve a specific known purpose.)
httpcomponents-core-rel-v4.1.4,org.apache.http.message,TestBasicHeaderValueFormatter,Unutilized Abstraction,The tool detected the smell in this class because this class is potentially unused. (Please ignore the smell if the reported class is auto-generated and/or used to serve a specific known purpose.)
httpcomponents-core-rel-v4.1.4,org.apache.http.message,TestBasicHeaderValueParser,Unutilized Abstraction,The tool detected the smell in this class because this class is potentially unused. (Please ignore the smell if the reported class is auto-generated and/or used to serve a specific known purpose.)
httpcomponents-core-rel-v4.1.4,org.apache.http.message,TestBasicLineFormatter,Unutilized Abstraction,The tool detected the smell in this class because this class is potentially unused. (Please ignore the smell if the reported class is auto-generated and/or used to serve a specific known purpose.)
httpcomponents-core-rel-v4.1.4,org.apache.http.message,TestBasicLineParser,Unutilized Abstraction,The tool detected the smell in this class because this class is potentially unused. (Please ignore the smell if the reported class is auto-generated and/or used to serve a specific known purpose.)
httpcomponents-core-rel-v4.1.4,org.apache.http.message,TestBasicMessages,Unutilized Abstraction,The tool detected the smell in this class because this class is potentially unused. (Please ignore the smell if the reported class is auto-generated and/or used to serve a specific known purpose.)
httpcomponents-core-rel-v4.1.4,org.apache.http.message,TestBasicTokenIterator,Unutilized Abstraction,The tool detected the smell in this class because this class is potentially unused. (Please ignore the smell if the reported class is auto-generated and/or used to serve a specific known purpose.)
httpcomponents-core-rel-v4.1.4,org.apache.http.message,TestBufferedHeader,Unutilized Abstraction,The tool detected the smell in this class because this class is potentially unused. (Please ignore the smell if the reported class is auto-generated and/or used to serve a specific known purpose.)
httpcomponents-core-rel-v4.1.4,org.apache.http.message,TestHeader,Unutilized Abstraction,The tool detected the smell in this class because this class is potentially unused. (Please ignore the smell if the reported class is auto-generated and/or used to serve a specific known purpose.)
httpcomponents-core-rel-v4.1.4,org.apache.http.message,TestHeaderElement,Unutilized Abstraction,The tool detected the smell in this class because this class is potentially unused. (Please ignore the smell if the reported class is auto-generated and/or used to serve a specific known purpose.)
httpcomponents-core-rel-v4.1.4,org.apache.http.message,TestHeaderGroup,Unutilized Abstraction,The tool detected the smell in this class because this class is potentially unused. (Please ignore the smell if the reported class is auto-generated and/or used to serve a specific known purpose.)
httpcomponents-core-rel-v4.1.4,org.apache.http.message,TestNameValuePair,Unutilized Abstraction,The tool detected the smell in this class because this class is potentially unused. (Please ignore the smell if the reported class is auto-generated and/or used to serve a specific known purpose.)
httpcomponents-core-rel-v4.1.4,org.apache.http.message,TestRequestLine,Unutilized Abstraction,The tool detected the smell in this class because this class is potentially unused. (Please ignore the smell if the reported class is auto-generated and/or used to serve a specific known purpose.)
httpcomponents-core-rel-v4.1.4,org.apache.http.message,TestStatusLine,Unutilized Abstraction,The tool detected the smell in this class because this class is potentially unused. (Please ignore the smell if the reported class is auto-generated and/or used to serve a specific known purpose.)
httpcomponents-core-rel-v4.1.4,org.apache.http.params,BasicHttpParams,Broken Hierarchy,The tool detected a potential instance of the smell because this type does not implement or override any method from it's supertype(s): AbstractHttpParams
httpcomponents-core-rel-v4.1.4,org.apache.http.params,CoreConnectionPNames,Deficient Encapsulation,The tool detected the smell in this class because the class exposes fields belonging to it with public accessibility. Following fields are declared with public accessiblity: SO_TIMEOUT; TCP_NODELAY; SOCKET_BUFFER_SIZE; SO_LINGER; SO_REUSEADDR; CONNECTION_TIMEOUT; STALE_CONNECTION_CHECK; MAX_LINE_LENGTH; MAX_HEADER_COUNT; MIN_CHUNK_LIMIT
httpcomponents-core-rel-v4.1.4,org.apache.http.params,CoreConnectionPNames,Broken Modularization,The tool detected the smell in this class because it contains only data members without any method implementation. Following fields are declared in this class: SO_TIMEOUT; TCP_NODELAY; SOCKET_BUFFER_SIZE; SO_LINGER; SO_REUSEADDR; CONNECTION_TIMEOUT; STALE_CONNECTION_CHECK; MAX_LINE_LENGTH; MAX_HEADER_COUNT; MIN_CHUNK_LIMIT
httpcomponents-core-rel-v4.1.4,org.apache.http.params,CoreProtocolPNames,Deficient Encapsulation,The tool detected the smell in this class because the class exposes fields belonging to it with public accessibility. Following fields are declared with public accessiblity: PROTOCOL_VERSION; HTTP_ELEMENT_CHARSET; HTTP_CONTENT_CHARSET; USER_AGENT; ORIGIN_SERVER; STRICT_TRANSFER_ENCODING; USE_EXPECT_CONTINUE; WAIT_FOR_CONTINUE
httpcomponents-core-rel-v4.1.4,org.apache.http.params,CoreProtocolPNames,Broken Modularization,The tool detected the smell in this class because it contains only data members without any method implementation. Following fields are declared in this class: PROTOCOL_VERSION; HTTP_ELEMENT_CHARSET; HTTP_CONTENT_CHARSET; USER_AGENT; ORIGIN_SERVER; STRICT_TRANSFER_ENCODING; USE_EXPECT_CONTINUE; WAIT_FOR_CONTINUE
httpcomponents-core-rel-v4.1.4,org.apache.http.params,DefaultedHttpParams,Broken Hierarchy,The tool detected a potential instance of the smell because this type does not implement or override any method from it's supertype(s): AbstractHttpParams
httpcomponents-core-rel-v4.1.4,org.apache.http.params,HttpConnectionParamBean,Unutilized Abstraction,The tool detected the smell in this class because this class is potentially unused. (Please ignore the smell if the reported class is auto-generated and/or used to serve a specific known purpose.)
httpcomponents-core-rel-v4.1.4,org.apache.http.params,HttpConnectionParamBean,Broken Hierarchy,The tool detected a potential instance of the smell because this type does not implement or override any method from it's supertype(s): HttpAbstractParamBean
httpcomponents-core-rel-v4.1.4,org.apache.http.params,HttpConnectionParams,Broken Hierarchy,The tool detected a potential instance of the smell because this type does not implement or override any method from it's supertype(s): CoreConnectionPNames
httpcomponents-core-rel-v4.1.4,org.apache.http.params,HttpProtocolParamBean,Unutilized Abstraction,The tool detected the smell in this class because this class is potentially unused. (Please ignore the smell if the reported class is auto-generated and/or used to serve a specific known purpose.)
httpcomponents-core-rel-v4.1.4,org.apache.http.params,HttpProtocolParamBean,Broken Hierarchy,The tool detected a potential instance of the smell because this type does not implement or override any method from it's supertype(s): HttpAbstractParamBean
httpcomponents-core-rel-v4.1.4,org.apache.http.params,HttpProtocolParams,Broken Hierarchy,The tool detected a potential instance of the smell because this type does not implement or override any method from it's supertype(s): CoreProtocolPNames
httpcomponents-core-rel-v4.1.4,org.apache.http.params,SyncBasicHttpParams,Unutilized Abstraction,The tool detected the smell in this class because this class is potentially unused. (Please ignore the smell if the reported class is auto-generated and/or used to serve a specific known purpose.)
httpcomponents-core-rel-v4.1.4,org.apache.http.params,TestBasicHttpParams,Unutilized Abstraction,The tool detected the smell in this class because this class is potentially unused. (Please ignore the smell if the reported class is auto-generated and/or used to serve a specific known purpose.)
httpcomponents-core-rel-v4.1.4,org.apache.http.params,TestDefaultedHttpParams,Unutilized Abstraction,The tool detected the smell in this class because this class is potentially unused. (Please ignore the smell if the reported class is auto-generated and/or used to serve a specific known purpose.)
httpcomponents-core-rel-v4.1.4,org.apache.http.protocol,BasicHttpProcessor,Broken Hierarchy,The tool detected a potential instance of the smell because this type does not implement or override any method from it's supertype(s): HttpProcessor; HttpRequestInterceptorList; HttpResponseInterceptorList
httpcomponents-core-rel-v4.1.4,org.apache.http.protocol,BasicHttpProcessor,Insufficient Modularization,The tool detected the smell in this class becuase the class has bloated interface (large number of public methods). Total public methods in the class: 22 public methods
httpcomponents-core-rel-v4.1.4,org.apache.http.protocol,DefaultedHttpContext,Unutilized Abstraction,The tool detected the smell in this class because this class is potentially unused. (Please ignore the smell if the reported class is auto-generated and/or used to serve a specific known purpose.)
httpcomponents-core-rel-v4.1.4,org.apache.http.protocol,ExecutionContext,Deficient Encapsulation,The tool detected the smell in this class because the class exposes fields belonging to it with public accessibility. Following fields are declared with public accessiblity: HTTP_CONNECTION; HTTP_REQUEST; HTTP_RESPONSE; HTTP_TARGET_HOST; HTTP_PROXY_HOST; HTTP_REQ_SENT
httpcomponents-core-rel-v4.1.4,org.apache.http.protocol,ExecutionContext,Broken Modularization,The tool detected the smell in this class because it contains only data members without any method implementation. Following fields are declared in this class: HTTP_CONNECTION; HTTP_REQUEST; HTTP_RESPONSE; HTTP_TARGET_HOST; HTTP_PROXY_HOST; HTTP_REQ_SENT
httpcomponents-core-rel-v4.1.4,org.apache.http.protocol,HTTP,Deficient Encapsulation,The tool detected the smell in this class because the class exposes fields belonging to it with public accessibility. Following fields are declared with public accessiblity: CR; LF; SP; HT; TRANSFER_ENCODING; CONTENT_LEN; CONTENT_TYPE; CONTENT_ENCODING; EXPECT_DIRECTIVE; CONN_DIRECTIVE; TARGET_HOST; USER_AGENT; DATE_HEADER; SERVER_HEADER; EXPECT_CONTINUE; CONN_CLOSE; CONN_KEEP_ALIVE; CHUNK_CODING; IDENTITY_CODING; UTF_8; UTF_16; US_ASCII; ASCII; ISO_8859_1; DEFAULT_CONTENT_CHARSET; DEFAULT_PROTOCOL_CHARSET; OCTET_STREAM_TYPE; PLAIN_TEXT_TYPE; CHARSET_PARAM; DEFAULT_CONTENT_TYPE
httpcomponents-core-rel-v4.1.4,org.apache.http.protocol,HttpContext,Deficient Encapsulation,The tool detected the smell in this class because the class exposes fields belonging to it with public accessibility. Following fields are declared with public accessiblity: RESERVED_PREFIX
httpcomponents-core-rel-v4.1.4,org.apache.http.protocol,HttpDateGenerator,Deficient Encapsulation,The tool detected the smell in this class because the class exposes fields belonging to it with public accessibility. Following fields are declared with public accessiblity: PATTERN_RFC1123; GMT; dateformat; dateAsLong; dateAsText
httpcomponents-core-rel-v4.1.4,org.apache.http.protocol,ImmutableHttpProcessor,Unutilized Abstraction,The tool detected the smell in this class because this class is potentially unused. (Please ignore the smell if the reported class is auto-generated and/or used to serve a specific known purpose.)
httpcomponents-core-rel-v4.1.4,org.apache.http.protocol,ImmutableHttpProcessor,Broken Hierarchy,The tool detected a potential instance of the smell because this type does not implement or override any method from it's supertype(s): HttpProcessor
httpcomponents-core-rel-v4.1.4,org.apache.http.protocol,TestBasicHttpProcessor,Unutilized Abstraction,The tool detected the smell in this class because this class is potentially unused. (Please ignore the smell if the reported class is auto-generated and/or used to serve a specific known purpose.)
httpcomponents-core-rel-v4.1.4,org.apache.http.protocol,TestHttpExecutionContext,Unutilized Abstraction,The tool detected the smell in this class because this class is potentially unused. (Please ignore the smell if the reported class is auto-generated and/or used to serve a specific known purpose.)
httpcomponents-core-rel-v4.1.4,org.apache.http.protocol,TestHttpRequestHandlerRegistry,Unutilized Abstraction,The tool detected the smell in this class because this class is potentially unused. (Please ignore the smell if the reported class is auto-generated and/or used to serve a specific known purpose.)
httpcomponents-core-rel-v4.1.4,org.apache.http.protocol,TestHttpServiceAndExecutor,Unutilized Abstraction,The tool detected the smell in this class because this class is potentially unused. (Please ignore the smell if the reported class is auto-generated and/or used to serve a specific known purpose.)
httpcomponents-core-rel-v4.1.4,org.apache.http.protocol,TestHttpServiceAndExecutor,Insufficient Modularization,The tool detected the smell in this class becuase the class has bloated interface (large number of public methods). Total public methods in the class: 22 public methods
httpcomponents-core-rel-v4.1.4,org.apache.http.protocol,TestStandardInterceptors,Unutilized Abstraction,The tool detected the smell in this class because this class is potentially unused. (Please ignore the smell if the reported class is auto-generated and/or used to serve a specific known purpose.)
httpcomponents-core-rel-v4.1.4,org.apache.http.protocol,TestStandardInterceptors,Insufficient Modularization,The tool detected the smell in this class becuase the class has bloated interface (large number of public methods). Total public methods in the class: 64 public methods
httpcomponents-core-rel-v4.1.4,org.apache.http.util,ByteArrayBuffer,Cyclically-dependent Modularization,The tool detected the smell in this class because this class participates in a cyclic dependency. The participating classes in the cycle are: ByteArrayBuffer; CharArrayBuffer
httpcomponents-core-rel-v4.1.4,org.apache.http.util,CharArrayBuffer,Insufficient Modularization,The tool detected the smell in this class becuase the class has bloated interface (large number of public methods). Total public methods in the class: 24 public methods
httpcomponents-core-rel-v4.1.4,org.apache.http.util,LangUtils,Deficient Encapsulation,The tool detected the smell in this class because the class exposes fields belonging to it with public accessibility. Following fields are declared with public accessiblity: HASH_SEED; HASH_OFFSET
httpcomponents-core-rel-v4.1.4,org.apache.http.util,VersionInfo,Deficient Encapsulation,The tool detected the smell in this class because the class exposes fields belonging to it with public accessibility. Following fields are declared with public accessiblity: UNAVAILABLE; VERSION_PROPERTY_FILE; PROPERTY_MODULE; PROPERTY_RELEASE; PROPERTY_TIMESTAMP; infoPackage; infoModule; infoRelease; infoTimestamp; infoClassloader
httpcomponents-core-rel-v4.1.4,org.apache.http.util,TestByteArrayBuffer,Unutilized Abstraction,The tool detected the smell in this class because this class is potentially unused. (Please ignore the smell if the reported class is auto-generated and/or used to serve a specific known purpose.)
httpcomponents-core-rel-v4.1.4,org.apache.http.util,TestCharArrayBuffer,Unutilized Abstraction,The tool detected the smell in this class because this class is potentially unused. (Please ignore the smell if the reported class is auto-generated and/or used to serve a specific known purpose.)
httpcomponents-core-rel-v4.1.4,org.apache.http.util,TestCharArrayBuffer,Insufficient Modularization,The tool detected the smell in this class becuase the class has bloated interface (large number of public methods). Total public methods in the class: 22 public methods
httpcomponents-core-rel-v4.1.4,org.apache.http.util,TestEntityUtils,Insufficient Modularization,The tool detected the smell in this class becuase the class has bloated interface (large number of public methods). Total public methods in the class: 22 public methods
httpcomponents-core-rel-v4.1.4,org.apache.http.util,TestExceptionUtils,Unutilized Abstraction,The tool detected the smell in this class because this class is potentially unused. (Please ignore the smell if the reported class is auto-generated and/or used to serve a specific known purpose.)
httpcomponents-core-rel-v4.1.4,org.apache.http.util,TestLangUtils,Unutilized Abstraction,The tool detected the smell in this class because this class is potentially unused. (Please ignore the smell if the reported class is auto-generated and/or used to serve a specific known purpose.)
httpcomponents-core-rel-v4.1.4,org.apache.http.mockup,HttpConnectionMockup,Unutilized Abstraction,The tool detected the smell in this class because this class is potentially unused. (Please ignore the smell if the reported class is auto-generated and/or used to serve a specific known purpose.)
httpcomponents-core-rel-v4.1.4,org.apache.http.mockup,HttpMessageMockup,Unutilized Abstraction,The tool detected the smell in this class because this class is potentially unused. (Please ignore the smell if the reported class is auto-generated and/or used to serve a specific known purpose.)
httpcomponents-core-rel-v4.1.4,org.apache.http.mockup,SessionInputBufferMockup,Deficient Encapsulation,The tool detected the smell in this class because the class exposes fields belonging to it with public accessibility. Following fields are declared with public accessiblity: BUFFER_SIZE
httpcomponents-core-rel-v4.1.4,org.apache.http.mockup,SessionOutputBufferMockup,Deficient Encapsulation,The tool detected the smell in this class because the class exposes fields belonging to it with public accessibility. Following fields are declared with public accessiblity: buffer; BUFFER_SIZE
httpcomponents-core-rel-v4.1.4,org.apache.http.mockup,TimeoutByteArrayInputStream,Unutilized Abstraction,The tool detected the smell in this class because this class is potentially unused. (Please ignore the smell if the reported class is auto-generated and/or used to serve a specific known purpose.)
httpcomponents-core-rel-v4.1.4,org.apache.http.mockup,IOReactorThread,Unutilized Abstraction,The tool detected the smell in this class because this class is potentially unused. (Please ignore the smell if the reported class is auto-generated and/or used to serve a specific known purpose.)
httpcomponents-core-rel-v4.1.4,org.apache.http.mockup,IOReactorThread,Unutilized Abstraction,The tool detected the smell in this class because this class is potentially unused. (Please ignore the smell if the reported class is auto-generated and/or used to serve a specific known purpose.)
httpcomponents-core-rel-v4.1.4,org.apache.http.mockup,IOReactorThread,Unutilized Abstraction,The tool detected the smell in this class because this class is potentially unused. (Please ignore the smell if the reported class is auto-generated and/or used to serve a specific known purpose.)
httpcomponents-core-rel-v4.1.4,org.apache.http.mockup,MockupDecoder,Unutilized Abstraction,The tool detected the smell in this class because this class is potentially unused. (Please ignore the smell if the reported class is auto-generated and/or used to serve a specific known purpose.)
httpcomponents-core-rel-v4.1.4,org.apache.http.mockup,MockupEncoder,Unutilized Abstraction,The tool detected the smell in this class because this class is potentially unused. (Please ignore the smell if the reported class is auto-generated and/or used to serve a specific known purpose.)
httpcomponents-core-rel-v4.1.4,org.apache.http.mockup,ReadableByteChannelMockup,Unutilized Abstraction,The tool detected the smell in this class because this class is potentially unused. (Please ignore the smell if the reported class is auto-generated and/or used to serve a specific known purpose.)
httpcomponents-core-rel-v4.1.4,org.apache.http.mockup,SimpleEventListener,Unutilized Abstraction,The tool detected the smell in this class because this class is potentially unused. (Please ignore the smell if the reported class is auto-generated and/or used to serve a specific known purpose.)
httpcomponents-core-rel-v4.1.4,org.apache.http.mockup,SimpleHttpRequestHandlerResolver,Unutilized Abstraction,The tool detected the smell in this class because this class is potentially unused. (Please ignore the smell if the reported class is auto-generated and/or used to serve a specific known purpose.)
httpcomponents-core-rel-v4.1.4,org.apache.http.mockup,SimpleNHttpRequestHandlerResolver,Unutilized Abstraction,The tool detected the smell in this class because this class is potentially unused. (Please ignore the smell if the reported class is auto-generated and/or used to serve a specific known purpose.)
httpcomponents-core-rel-v4.1.4,org.apache.http.benchmark,Config,Insufficient Modularization,The tool detected the smell in this class becuase the class has bloated interface (large number of public methods). Total public methods in the class: 45 public methods
httpcomponents-core-rel-v4.1.4,org.apache.http.benchmark,HttpBenchmark,Feature Envy,The tool detected a instance of this smell because prepare is more interested in members of the type: Config
httpcomponents-core-rel-v4.1.4,org.apache.http.benchmark,HttpBenchmark,Feature Envy,The tool detected a instance of this smell because execute is more interested in members of the type: Config
httpcomponents-core-rel-v4.1.4,org.apache.http.benchmark,Stats,Insufficient Modularization,The tool detected the smell in this class becuase the class has bloated interface (large number of public methods). Total public methods in the class: 20 public methods
httpcomponents-core-rel-v4.1.4,org.apache.http.benchmark.httpcore,HttpWorker,Cyclically-dependent Modularization,The tool detected the smell in this class because this class participates in a cyclic dependency. The participating classes in the cycle are: HttpWorkerCallback; HttpWorker
httpcomponents-core-rel-v4.1.4,org.apache.http.benchmark.httpcore,RandomEntity,Unutilized Abstraction,The tool detected the smell in this class because this class is potentially unused. (Please ignore the smell if the reported class is auto-generated and/or used to serve a specific known purpose.)
httpcomponents-core-rel-v4.1.4,org.apache.http.contrib.compress,RequestAcceptEncoding,Unutilized Abstraction,The tool detected the smell in this class because this class is potentially unused. (Please ignore the smell if the reported class is auto-generated and/or used to serve a specific known purpose.)
httpcomponents-core-rel-v4.1.4,org.apache.http.contrib.compress,ResponseGzipCompress,Unutilized Abstraction,The tool detected the smell in this class because this class is potentially unused. (Please ignore the smell if the reported class is auto-generated and/or used to serve a specific known purpose.)
httpcomponents-core-rel-v4.1.4,org.apache.http.contrib.compress,ResponseGzipUncompress,Unutilized Abstraction,The tool detected the smell in this class because this class is potentially unused. (Please ignore the smell if the reported class is auto-generated and/or used to serve a specific known purpose.)
httpcomponents-core-rel-v4.1.4,org.apache.http.contrib.logging,LoggingClientIOEventDispatch,Unutilized Abstraction,The tool detected the smell in this class because this class is potentially unused. (Please ignore the smell if the reported class is auto-generated and/or used to serve a specific known purpose.)
httpcomponents-core-rel-v4.1.4,org.apache.http.contrib.logging,LoggingIOSession,Insufficient Modularization,The tool detected the smell in this class becuase the class has bloated interface (large number of public methods). Total public methods in the class: 24 public methods
httpcomponents-core-rel-v4.1.4,org.apache.http.contrib.logging,LoggingNHttpMessageWriter,Unutilized Abstraction,The tool detected the smell in this class because this class is potentially unused. (Please ignore the smell if the reported class is auto-generated and/or used to serve a specific known purpose.)
httpcomponents-core-rel-v4.1.4,org.apache.http.contrib.logging,LoggingNHttpMessageParser,Unutilized Abstraction,The tool detected the smell in this class because this class is potentially unused. (Please ignore the smell if the reported class is auto-generated and/or used to serve a specific known purpose.)
httpcomponents-core-rel-v4.1.4,org.apache.http.contrib.logging,LoggingServerIOEventDispatch,Unutilized Abstraction,The tool detected the smell in this class because this class is potentially unused. (Please ignore the smell if the reported class is auto-generated and/or used to serve a specific known purpose.)
httpcomponents-core-rel-v4.1.4,org.apache.http.contrib.sip,BasicCompactHeaderMapper,Deficient Encapsulation,The tool detected the smell in this class because the class exposes fields belonging to it with public accessibility. Following fields are declared with public accessiblity: mapCompactToFull; mapFullToCompact; DEFAULT
httpcomponents-core-rel-v4.1.4,org.apache.http.contrib.sip,BasicSipLineParser,Deficient Encapsulation,The tool detected the smell in this class because the class exposes fields belonging to it with public accessibility. Following fields are declared with public accessiblity: mapper; DEFAULT
httpcomponents-core-rel-v4.1.4,org.apache.http.contrib.sip,EnglishSipReasonPhraseCatalog,Deficient Encapsulation,The tool detected the smell in this class because the class exposes fields belonging to it with public accessibility. Following fields are declared with public accessiblity: INSTANCE; REASON_PHRASES
httpcomponents-core-rel-v4.1.4,org.apache.http.contrib.sip,SipException,Unutilized Abstraction,The tool detected the smell in this class because this class is potentially unused. (Please ignore the smell if the reported class is auto-generated and/or used to serve a specific known purpose.)
httpcomponents-core-rel-v4.1.4,org.apache.http.contrib.sip,SipStatus,Deficient Encapsulation,The tool detected the smell in this class because the class exposes fields belonging to it with public accessibility. Following fields are declared with public accessiblity: SC_CONTINUE; SC_RINGING; SC_CALL_IS_BEING_FORWARDED; SC_QUEUED; SC_SESSION_PROGRESS; SC_OK; SC_ACCEPTED; SC_MULTIPLE_CHOICES; SC_MOVED_PERMANENTLY; SC_MOVED_TEMPORARILY; SC_USE_PROXY; SC_ALTERNATIVE_SERVICE; SC_BAD_REQUEST; SC_UNAUTHORIZED; SC_PAYMENT_REQUIRED; SC_FORBIDDEN; SC_NOT_FOUND; SC_METHOD_NOT_ALLOWED; SC_NOT_ACCEPTABLE; SC_PROXY_AUTHENTICATION_REQUIRED; SC_REQUEST_TIMEOUT; SC_GONE; SC_CONDITIONAL_REQUEST_FAILED; SC_REQUEST_ENTITY_TOO_LARGE; SC_REQUEST_URI_TOO_LONG; SC_UNSUPPORTED_MEDIA_TYPE; SC_UNSUPPORTED_URI_SCHEME; SC_UNKNOWN_RESOURCE_PRIORITY; SC_BAD_EXTENSION; SC_EXTENSION_REQUIRED; SC_SESSION_INTERVAL_TOO_SMALL; SC_INTERVAL_TOO_BRIEF; SC_USE_IDENTITY_HEADER; SC_PROVIDE_REFERRER_IDENTITY; SC_ANONYMITY_DISALLOWED; SC_BAD_IDENTITY_INFO; SC_UNSUPPORTED_CERTIFICATE; SC_INVALID_IDENTITY_HEADER; SC_TEMPORARILY_UNAVAILABLE; SC_CALL_TRANSACTION_DOES_NOT_EXIST; SC_LOOP_DETECTED; SC_TOO_MANY_HOPS; SC_ADDRESS_INCOMPLETE; SC_AMBIGUOUS; SC_BUSY_HERE; SC_REQUEST_TERMINATED; SC_NOT_ACCEPTABLE_HERE; SC_BAD_EVENT; SC_REQUEST_PENDING; SC_UNDECIPHERABLE; SC_SECURITY_AGREEMENT_REQUIRED; SC_SERVER_INTERNAL_ERROR; SC_NOT_IMPLEMENTED; SC_BAD_GATEWAY; SC_SERVICE_UNAVAILABLE; SC_SERVER_TIMEOUT; SC_VERSION_NOT_SUPPORTED; SC_MESSAGE_TOO_LARGE; SC_PRECONDITION_FAILURE; SC_BUSY_EVERYWHERE; SC_DECLINE; SC_DOES_NOT_EXIST_ANYWHERE; SC_NOT_ACCEPTABLE_ANYWHERE
httpcomponents-core-rel-v4.1.4,org.apache.http.contrib.sip,SipStatus,Broken Modularization,The tool detected the smell in this class because it contains only data members without any method implementation. Following fields are declared in this class: SC_CONTINUE; SC_RINGING; SC_CALL_IS_BEING_FORWARDED; SC_QUEUED; SC_SESSION_PROGRESS; SC_OK; SC_ACCEPTED; SC_MULTIPLE_CHOICES; SC_MOVED_PERMANENTLY; SC_MOVED_TEMPORARILY; SC_USE_PROXY; SC_ALTERNATIVE_SERVICE; SC_BAD_REQUEST; SC_UNAUTHORIZED; SC_PAYMENT_REQUIRED; SC_FORBIDDEN; SC_NOT_FOUND; SC_METHOD_NOT_ALLOWED; SC_NOT_ACCEPTABLE; SC_PROXY_AUTHENTICATION_REQUIRED; SC_REQUEST_TIMEOUT; SC_GONE; SC_CONDITIONAL_REQUEST_FAILED; SC_REQUEST_ENTITY_TOO_LARGE; SC_REQUEST_URI_TOO_LONG; SC_UNSUPPORTED_MEDIA_TYPE; SC_UNSUPPORTED_URI_SCHEME; SC_UNKNOWN_RESOURCE_PRIORITY; SC_BAD_EXTENSION; SC_EXTENSION_REQUIRED; SC_SESSION_INTERVAL_TOO_SMALL; SC_INTERVAL_TOO_BRIEF; SC_USE_IDENTITY_HEADER; SC_PROVIDE_REFERRER_IDENTITY; SC_ANONYMITY_DISALLOWED; SC_BAD_IDENTITY_INFO; SC_UNSUPPORTED_CERTIFICATE; SC_INVALID_IDENTITY_HEADER; SC_TEMPORARILY_UNAVAILABLE; SC_CALL_TRANSACTION_DOES_NOT_EXIST; SC_LOOP_DETECTED; SC_TOO_MANY_HOPS; SC_ADDRESS_INCOMPLETE; SC_AMBIGUOUS; SC_BUSY_HERE; SC_REQUEST_TERMINATED; SC_NOT_ACCEPTABLE_HERE; SC_BAD_EVENT; SC_REQUEST_PENDING; SC_UNDECIPHERABLE; SC_SECURITY_AGREEMENT_REQUIRED; SC_SERVER_INTERNAL_ERROR; SC_NOT_IMPLEMENTED; SC_BAD_GATEWAY; SC_SERVICE_UNAVAILABLE; SC_SERVER_TIMEOUT; SC_VERSION_NOT_SUPPORTED; SC_MESSAGE_TOO_LARGE; SC_PRECONDITION_FAILURE; SC_BUSY_EVERYWHERE; SC_DECLINE; SC_DOES_NOT_EXIST_ANYWHERE; SC_NOT_ACCEPTABLE_ANYWHERE
httpcomponents-core-rel-v4.1.4,org.apache.http.contrib.sip,SipVersion,Deficient Encapsulation,The tool detected the smell in this class because the class exposes fields belonging to it with public accessibility. Following fields are declared with public accessiblity: serialVersionUID; SIP; SIP_2_0
httpcomponents-core-rel-v4.1.4,org.apache.http.examples.nio,ElementalEchoServer,Unutilized Abstraction,The tool detected the smell in this class because this class is potentially unused. (Please ignore the smell if the reported class is auto-generated and/or used to serve a specific known purpose.)
httpcomponents-core-rel-v4.1.4,org.apache.http.examples.nio,NHttpClient,Unutilized Abstraction,The tool detected the smell in this class because this class is potentially unused. (Please ignore the smell if the reported class is auto-generated and/or used to serve a specific known purpose.)
httpcomponents-core-rel-v4.1.4,org.apache.http.examples.nio,NHttpClientConnManagement,Unutilized Abstraction,The tool detected the smell in this class because this class is potentially unused. (Please ignore the smell if the reported class is auto-generated and/or used to serve a specific known purpose.)
httpcomponents-core-rel-v4.1.4,org.apache.http.examples.nio,NHttpClientConnManagement,Insufficient Modularization,The tool detected the smell in this class becuase the class has bloated interface (large number of public methods). Total public methods in the class: 42 public methods
httpcomponents-core-rel-v4.1.4,org.apache.http.examples.nio,MyHttpRequestExecutionHandler,Unutilized Abstraction,The tool detected the smell in this class because this class is potentially unused. (Please ignore the smell if the reported class is auto-generated and/or used to serve a specific known purpose.)
httpcomponents-core-rel-v4.1.4,org.apache.http.examples.nio,AsyncConnectionManager,Cyclically-dependent Modularization,The tool detected the smell in this class because this class participates in a cyclic dependency. The participating classes in the cycle are: AsyncConnectionManager; ManagedClientHandler
httpcomponents-core-rel-v4.1.4,org.apache.http.examples.nio,EventLogger,Unutilized Abstraction,The tool detected the smell in this class because this class is potentially unused. (Please ignore the smell if the reported class is auto-generated and/or used to serve a specific known purpose.)
httpcomponents-core-rel-v4.1.4,org.apache.http.examples.nio,NHttpFileServer,Unutilized Abstraction,The tool detected the smell in this class because this class is potentially unused. (Please ignore the smell if the reported class is auto-generated and/or used to serve a specific known purpose.)
httpcomponents-core-rel-v4.1.4,org.apache.http.examples.nio,EventLogger,Unutilized Abstraction,The tool detected the smell in this class because this class is potentially unused. (Please ignore the smell if the reported class is auto-generated and/or used to serve a specific known purpose.)
httpcomponents-core-rel-v4.1.4,org.apache.http.examples.nio,NHttpReverseProxy,Unutilized Abstraction,The tool detected the smell in this class because this class is potentially unused. (Please ignore the smell if the reported class is auto-generated and/or used to serve a specific known purpose.)
httpcomponents-core-rel-v4.1.4,org.apache.http.examples.nio,NHttpReverseProxy,Deficient Encapsulation,The tool detected the smell in this class because the class exposes fields belonging to it with public accessibility. Following fields are declared with public accessiblity: targetHost; connectingIOReactor; httpProcessor; responseFactory; connStrategy; params; httpProcessor; connStrategy; params; ATTRIB; inBuffer; outBuffer; target; originIOControl; clientIOControl; originState; clientState; request; response
httpcomponents-core-rel-v4.1.4,org.apache.http.examples.nio,NHttpReverseProxy,Insufficient Modularization,The tool detected the smell in this class becuase the class has bloated interface (large number of public methods). Total public methods in the class: 41 public methods
httpcomponents-core-rel-v4.1.4,org.apache.http.examples.nio,ProxyTask,Deficient Encapsulation,The tool detected the smell in this class because the class exposes fields belonging to it with public accessibility. Following fields are declared with public accessiblity: ATTRIB; inBuffer; outBuffer; target; originIOControl; clientIOControl; originState; clientState; request; response
httpcomponents-core-rel-v4.1.4,org.apache.http.examples.nio,NHttpServer,Unutilized Abstraction,The tool detected the smell in this class because this class is potentially unused. (Please ignore the smell if the reported class is auto-generated and/or used to serve a specific known purpose.)
httpcomponents-core-rel-v4.1.4,org.apache.http.examples.nio,HttpFileHandler,Unutilized Abstraction,The tool detected the smell in this class because this class is potentially unused. (Please ignore the smell if the reported class is auto-generated and/or used to serve a specific known purpose.)
httpcomponents-core-rel-v4.1.4,org.apache.http.examples.nio,EventLogger,Unutilized Abstraction,The tool detected the smell in this class because this class is potentially unused. (Please ignore the smell if the reported class is auto-generated and/or used to serve a specific known purpose.)
httpcomponents-core-rel-v4.1.4,org.apache.http.examples.nio,NHttpSSLClient,Unutilized Abstraction,The tool detected the smell in this class because this class is potentially unused. (Please ignore the smell if the reported class is auto-generated and/or used to serve a specific known purpose.)
httpcomponents-core-rel-v4.1.4,org.apache.http.examples.nio,MyHttpRequestExecutionHandler,Unutilized Abstraction,The tool detected the smell in this class because this class is potentially unused. (Please ignore the smell if the reported class is auto-generated and/or used to serve a specific known purpose.)
httpcomponents-core-rel-v4.1.4,org.apache.http.examples.nio,MySessionRequestCallback,Unutilized Abstraction,The tool detected the smell in this class because this class is potentially unused. (Please ignore the smell if the reported class is auto-generated and/or used to serve a specific known purpose.)
httpcomponents-core-rel-v4.1.4,org.apache.http.examples.nio,EventLogger,Unutilized Abstraction,The tool detected the smell in this class because this class is potentially unused. (Please ignore the smell if the reported class is auto-generated and/or used to serve a specific known purpose.)
httpcomponents-core-rel-v4.1.4,org.apache.http.examples.nio,HttpFileHandler,Unutilized Abstraction,The tool detected the smell in this class because this class is potentially unused. (Please ignore the smell if the reported class is auto-generated and/or used to serve a specific known purpose.)
httpcomponents-core-rel-v4.1.4,org.apache.http.examples.nio,EventLogger,Unutilized Abstraction,The tool detected the smell in this class because this class is potentially unused. (Please ignore the smell if the reported class is auto-generated and/or used to serve a specific known purpose.)
httpcomponents-core-rel-v4.1.4,org.apache.http.impl.nio.codecs,ChunkDecoder,Broken Hierarchy,The tool detected a potential instance of the smell because this type does not implement or override any method from it's supertype(s): AbstractContentDecoder
httpcomponents-core-rel-v4.1.4,org.apache.http.impl.nio.codecs,DefaultHttpRequestParser,Broken Hierarchy,The tool detected a potential instance of the smell because this type does not implement or override any method from it's supertype(s): AbstractMessageParser
httpcomponents-core-rel-v4.1.4,org.apache.http.impl.nio.codecs,DefaultHttpRequestWriter,Unutilized Abstraction,The tool detected the smell in this class because this class is potentially unused. (Please ignore the smell if the reported class is auto-generated and/or used to serve a specific known purpose.)
httpcomponents-core-rel-v4.1.4,org.apache.http.impl.nio.codecs,DefaultHttpRequestWriter,Broken Hierarchy,The tool detected a potential instance of the smell because this type does not implement or override any method from it's supertype(s): AbstractMessageWriter
httpcomponents-core-rel-v4.1.4,org.apache.http.impl.nio.codecs,DefaultHttpResponseParser,Broken Hierarchy,The tool detected a potential instance of the smell because this type does not implement or override any method from it's supertype(s): AbstractMessageParser
httpcomponents-core-rel-v4.1.4,org.apache.http.impl.nio.codecs,DefaultHttpResponseWriter,Unutilized Abstraction,The tool detected the smell in this class because this class is potentially unused. (Please ignore the smell if the reported class is auto-generated and/or used to serve a specific known purpose.)
httpcomponents-core-rel-v4.1.4,org.apache.http.impl.nio.codecs,DefaultHttpResponseWriter,Broken Hierarchy,The tool detected a potential instance of the smell because this type does not implement or override any method from it's supertype(s): AbstractMessageWriter
httpcomponents-core-rel-v4.1.4,org.apache.http.impl.nio.codecs,HttpRequestParser,Unutilized Abstraction,The tool detected the smell in this class because this class is potentially unused. (Please ignore the smell if the reported class is auto-generated and/or used to serve a specific known purpose.)
httpcomponents-core-rel-v4.1.4,org.apache.http.impl.nio.codecs,HttpRequestParser,Broken Hierarchy,The tool detected a potential instance of the smell because this type does not implement or override any method from it's supertype(s): AbstractMessageParser
httpcomponents-core-rel-v4.1.4,org.apache.http.impl.nio.codecs,HttpRequestWriter,Unutilized Abstraction,The tool detected the smell in this class because this class is potentially unused. (Please ignore the smell if the reported class is auto-generated and/or used to serve a specific known purpose.)
httpcomponents-core-rel-v4.1.4,org.apache.http.impl.nio.codecs,HttpRequestWriter,Broken Hierarchy,The tool detected a potential instance of the smell because this type does not implement or override any method from it's supertype(s): AbstractMessageWriter
httpcomponents-core-rel-v4.1.4,org.apache.http.impl.nio.codecs,HttpResponseParser,Unutilized Abstraction,The tool detected the smell in this class because this class is potentially unused. (Please ignore the smell if the reported class is auto-generated and/or used to serve a specific known purpose.)
httpcomponents-core-rel-v4.1.4,org.apache.http.impl.nio.codecs,HttpResponseParser,Broken Hierarchy,The tool detected a potential instance of the smell because this type does not implement or override any method from it's supertype(s): AbstractMessageParser
httpcomponents-core-rel-v4.1.4,org.apache.http.impl.nio.codecs,HttpResponseWriter,Unutilized Abstraction,The tool detected the smell in this class because this class is potentially unused. (Please ignore the smell if the reported class is auto-generated and/or used to serve a specific known purpose.)
httpcomponents-core-rel-v4.1.4,org.apache.http.impl.nio.codecs,HttpResponseWriter,Broken Hierarchy,The tool detected a potential instance of the smell because this type does not implement or override any method from it's supertype(s): AbstractMessageWriter
httpcomponents-core-rel-v4.1.4,org.apache.http.impl.nio.codecs,IdentityDecoder,Broken Hierarchy,The tool detected a potential instance of the smell because this type does not implement or override any method from it's supertype(s): AbstractContentDecoder
httpcomponents-core-rel-v4.1.4,org.apache.http.impl.nio.codecs,IdentityEncoder,Broken Hierarchy,The tool detected a potential instance of the smell because this type does not implement or override any method from it's supertype(s): AbstractContentEncoder
httpcomponents-core-rel-v4.1.4,org.apache.http.impl.nio.codecs,LengthDelimitedDecoder,Broken Hierarchy,The tool detected a potential instance of the smell because this type does not implement or override any method from it's supertype(s): AbstractContentDecoder
httpcomponents-core-rel-v4.1.4,org.apache.http.impl.nio.codecs,LengthDelimitedEncoder,Broken Hierarchy,The tool detected a potential instance of the smell because this type does not implement or override any method from it's supertype(s): AbstractContentEncoder
httpcomponents-core-rel-v4.1.4,org.apache.http.impl.nio,DefaultClientIOEventDispatch,Unutilized Abstraction,The tool detected the smell in this class because this class is potentially unused. (Please ignore the smell if the reported class is auto-generated and/or used to serve a specific known purpose.)
httpcomponents-core-rel-v4.1.4,org.apache.http.impl.nio,DefaultServerIOEventDispatch,Unutilized Abstraction,The tool detected the smell in this class because this class is potentially unused. (Please ignore the smell if the reported class is auto-generated and/or used to serve a specific known purpose.)
httpcomponents-core-rel-v4.1.4,org.apache.http.impl.nio,NHttpConnectionBase,Insufficient Modularization,The tool detected the smell in this class becuase the class has bloated interface (large number of public methods). Total public methods in the class: 23 public methods
httpcomponents-core-rel-v4.1.4,org.apache.http.impl.nio,SSLClientIOEventDispatch,Unutilized Abstraction,The tool detected the smell in this class because this class is potentially unused. (Please ignore the smell if the reported class is auto-generated and/or used to serve a specific known purpose.)
httpcomponents-core-rel-v4.1.4,org.apache.http.impl.nio,SSLServerIOEventDispatch,Unutilized Abstraction,The tool detected the smell in this class because this class is potentially unused. (Please ignore the smell if the reported class is auto-generated and/or used to serve a specific known purpose.)
httpcomponents-core-rel-v4.1.4,org.apache.http.impl.nio.reactor,AbstractIOReactor,Insufficient Modularization,The tool detected the smell in this class because the class contains large number of methods. Total methods in the class: 33 methods
httpcomponents-core-rel-v4.1.4,org.apache.http.impl.nio.reactor,BaseIOReactor,Broken Hierarchy,The tool detected a potential instance of the smell because this type does not implement or override any method from it's supertype(s): AbstractIOReactor
httpcomponents-core-rel-v4.1.4,org.apache.http.impl.nio.reactor,DefaultConnectingIOReactor,Broken Hierarchy,The tool detected a potential instance of the smell because this type does not implement or override any method from it's supertype(s): AbstractMultiworkerIOReactor
httpcomponents-core-rel-v4.1.4,org.apache.http.impl.nio.reactor,DefaultListeningIOReactor,Broken Hierarchy,The tool detected a potential instance of the smell because this type does not implement or override any method from it's supertype(s): AbstractMultiworkerIOReactor
httpcomponents-core-rel-v4.1.4,org.apache.http.impl.nio.reactor,IOSessionImpl,Insufficient Modularization,The tool detected the smell in this class becuase the class has bloated interface (large number of public methods). Total public methods in the class: 26 public methods
httpcomponents-core-rel-v4.1.4,org.apache.http.impl.nio.reactor,SessionHandle,Unutilized Abstraction,The tool detected the smell in this class because this class is potentially unused. (Please ignore the smell if the reported class is auto-generated and/or used to serve a specific known purpose.)
httpcomponents-core-rel-v4.1.4,org.apache.http.impl.nio.reactor,SSLIOSession,Insufficient Modularization,The tool detected the smell in this class becuase the class has bloated interface (large number of public methods). Total public methods in the class: 33 public methods
httpcomponents-core-rel-v4.1.4,org.apache.http.impl.nio.reactor,TestBaseIOReactorSSL,Unutilized Abstraction,The tool detected the smell in this class because this class is potentially unused. (Please ignore the smell if the reported class is auto-generated and/or used to serve a specific known purpose.)
httpcomponents-core-rel-v4.1.4,org.apache.http.impl.nio.reactor,TestDefaultIOReactors,Unutilized Abstraction,The tool detected the smell in this class because this class is potentially unused. (Please ignore the smell if the reported class is auto-generated and/or used to serve a specific known purpose.)
httpcomponents-core-rel-v4.1.4,org.apache.http.impl.nio.reactor,TestDefaultIOReactors,Insufficient Modularization,The tool detected the smell in this class becuase the class has bloated interface (large number of public methods). Total public methods in the class: 33 public methods
httpcomponents-core-rel-v4.1.4,org.apache.http.impl.nio.reactor,TestDefaultIOReactorsSSL,Unutilized Abstraction,The tool detected the smell in this class because this class is potentially unused. (Please ignore the smell if the reported class is auto-generated and/or used to serve a specific known purpose.)
httpcomponents-core-rel-v4.1.4,org.apache.http.impl.nio.reactor,TestDefaultListeningIOReactor,Unutilized Abstraction,The tool detected the smell in this class because this class is potentially unused. (Please ignore the smell if the reported class is auto-generated and/or used to serve a specific known purpose.)
httpcomponents-core-rel-v4.1.4,org.apache.http.impl.nio.ssl,SSLClientIOEventDispatch,Unutilized Abstraction,The tool detected the smell in this class because this class is potentially unused. (Please ignore the smell if the reported class is auto-generated and/or used to serve a specific known purpose.)
httpcomponents-core-rel-v4.1.4,org.apache.http.impl.nio.ssl,SSLServerIOEventDispatch,Unutilized Abstraction,The tool detected the smell in this class because this class is potentially unused. (Please ignore the smell if the reported class is auto-generated and/or used to serve a specific known purpose.)
httpcomponents-core-rel-v4.1.4,org.apache.http.nio,ContentDecoderChannel,Unutilized Abstraction,The tool detected the smell in this class because this class is potentially unused. (Please ignore the smell if the reported class is auto-generated and/or used to serve a specific known purpose.)
httpcomponents-core-rel-v4.1.4,org.apache.http.nio,ContentEncoderChannel,Unutilized Abstraction,The tool detected the smell in this class because this class is potentially unused. (Please ignore the smell if the reported class is auto-generated and/or used to serve a specific known purpose.)
httpcomponents-core-rel-v4.1.4,org.apache.http.nio,FileContentDecoder,Unutilized Abstraction,The tool detected the smell in this class because this class is potentially unused. (Please ignore the smell if the reported class is auto-generated and/or used to serve a specific known purpose.)
httpcomponents-core-rel-v4.1.4,org.apache.http.nio,FileContentEncoder,Unutilized Abstraction,The tool detected the smell in this class because this class is potentially unused. (Please ignore the smell if the reported class is auto-generated and/or used to serve a specific known purpose.)
httpcomponents-core-rel-v4.1.4,org.apache.http.nio,NHttpConnection,Deficient Encapsulation,The tool detected the smell in this class because the class exposes fields belonging to it with public accessibility. Following fields are declared with public accessiblity: ACTIVE; CLOSING; CLOSED
httpcomponents-core-rel-v4.1.4,org.apache.http.nio.entity,BufferingNHttpEntity,Unutilized Abstraction,The tool detected the smell in this class because this class is potentially unused. (Please ignore the smell if the reported class is auto-generated and/or used to serve a specific known purpose.)
httpcomponents-core-rel-v4.1.4,org.apache.http.nio.entity,ByteArrayNIOEntity,Unutilized Abstraction,The tool detected the smell in this class because this class is potentially unused. (Please ignore the smell if the reported class is auto-generated and/or used to serve a specific known purpose.)
httpcomponents-core-rel-v4.1.4,org.apache.http.nio.entity,ConsumingNHttpEntityTemplate,Unutilized Abstraction,The tool detected the smell in this class because this class is potentially unused. (Please ignore the smell if the reported class is auto-generated and/or used to serve a specific known purpose.)
httpcomponents-core-rel-v4.1.4,org.apache.http.nio.entity,ContentBufferEntity,Unutilized Abstraction,The tool detected the smell in this class because this class is potentially unused. (Please ignore the smell if the reported class is auto-generated and/or used to serve a specific known purpose.)
httpcomponents-core-rel-v4.1.4,org.apache.http.nio.entity,ContentOutputStream,Unutilized Abstraction,The tool detected the smell in this class because this class is potentially unused. (Please ignore the smell if the reported class is auto-generated and/or used to serve a specific known purpose.)
httpcomponents-core-rel-v4.1.4,org.apache.http.nio.entity,FileNIOEntity,Unutilized Abstraction,The tool detected the smell in this class because this class is potentially unused. (Please ignore the smell if the reported class is auto-generated and/or used to serve a specific known purpose.)
httpcomponents-core-rel-v4.1.4,org.apache.http.nio.entity,NHttpEntityWrapper,Unutilized Abstraction,The tool detected the smell in this class because this class is potentially unused. (Please ignore the smell if the reported class is auto-generated and/or used to serve a specific known purpose.)
httpcomponents-core-rel-v4.1.4,org.apache.http.nio.entity,SkipContentListener,Unutilized Abstraction,The tool detected the smell in this class because this class is potentially unused. (Please ignore the smell if the reported class is auto-generated and/or used to serve a specific known purpose.)
httpcomponents-core-rel-v4.1.4,org.apache.http.nio.entity,StringNIOEntity,Unutilized Abstraction,The tool detected the smell in this class because this class is potentially unused. (Please ignore the smell if the reported class is auto-generated and/or used to serve a specific known purpose.)
httpcomponents-core-rel-v4.1.4,org.apache.http.nio.params,NIOReactorParamBean,Unutilized Abstraction,The tool detected the smell in this class because this class is potentially unused. (Please ignore the smell if the reported class is auto-generated and/or used to serve a specific known purpose.)
httpcomponents-core-rel-v4.1.4,org.apache.http.nio.params,NIOReactorParams,Broken Hierarchy,The tool detected a potential instance of the smell because this type does not implement or override any method from it's supertype(s): NIOReactorPNames
httpcomponents-core-rel-v4.1.4,org.apache.http.nio.params,NIOReactorPNames,Deficient Encapsulation,The tool detected the smell in this class because the class exposes fields belonging to it with public accessibility. Following fields are declared with public accessiblity: CONTENT_BUFFER_SIZE; SELECT_INTERVAL; GRACE_PERIOD; INTEREST_OPS_QUEUEING
httpcomponents-core-rel-v4.1.4,org.apache.http.nio.protocol,AsyncNHttpClientHandler,Deficient Encapsulation,The tool detected the smell in this class because the class exposes fields belonging to it with public accessibility. Following fields are declared with public accessiblity: execHandler; READY; REQUEST_SENT; EXPECT_CONTINUE; REQUEST_BODY_STREAM; REQUEST_BODY_DONE; RESPONSE_RECEIVED; RESPONSE_BODY_STREAM; RESPONSE_BODY_DONE; outputState; request; response; consumingEntity; producingEntity; valid; timeout
httpcomponents-core-rel-v4.1.4,org.apache.http.nio.protocol,AsyncNHttpClientHandler,Broken Hierarchy,The tool detected a potential instance of the smell because this type does not implement or override any method from it's supertype(s): NHttpHandlerBase
httpcomponents-core-rel-v4.1.4,org.apache.http.nio.protocol,AsyncNHttpClientHandler,Insufficient Modularization,The tool detected the smell in this class becuase the class has bloated interface (large number of public methods). Total public methods in the class: 29 public methods
httpcomponents-core-rel-v4.1.4,org.apache.http.nio.protocol,ClientConnState,Deficient Encapsulation,The tool detected the smell in this class because the class exposes fields belonging to it with public accessibility. Following fields are declared with public accessiblity: READY; REQUEST_SENT; EXPECT_CONTINUE; REQUEST_BODY_STREAM; REQUEST_BODY_DONE; RESPONSE_RECEIVED; RESPONSE_BODY_STREAM; RESPONSE_BODY_DONE; outputState; request; response; consumingEntity; producingEntity; valid; timeout
httpcomponents-core-rel-v4.1.4,org.apache.http.nio.protocol,AsyncNHttpServiceHandler,Broken Hierarchy,The tool detected a potential instance of the smell because this type does not implement or override any method from it's supertype(s): NHttpHandlerBase
httpcomponents-core-rel-v4.1.4,org.apache.http.nio.protocol,AsyncNHttpServiceHandler,Insufficient Modularization,The tool detected the smell in this class becuase the class has bloated interface (large number of public methods). Total public methods in the class: 40 public methods
httpcomponents-core-rel-v4.1.4,org.apache.http.nio.protocol,ServerConnState,Insufficient Modularization,The tool detected the smell in this class becuase the class has bloated interface (large number of public methods). Total public methods in the class: 23 public methods
httpcomponents-core-rel-v4.1.4,org.apache.http.nio.protocol,NHttpClientHandlerBase,Unutilized Abstraction,The tool detected the smell in this class because this class is potentially unused. (Please ignore the smell if the reported class is auto-generated and/or used to serve a specific known purpose.)
httpcomponents-core-rel-v4.1.4,org.apache.http.nio.protocol,NHttpClientHandlerBase,Broken Hierarchy,The tool detected a potential instance of the smell because this type does not implement or override any method from it's supertype(s): NHttpHandlerBase
httpcomponents-core-rel-v4.1.4,org.apache.http.nio.protocol,NHttpServiceHandlerBase,Unutilized Abstraction,The tool detected the smell in this class because this class is potentially unused. (Please ignore the smell if the reported class is auto-generated and/or used to serve a specific known purpose.)
httpcomponents-core-rel-v4.1.4,org.apache.http.nio.protocol,NHttpServiceHandlerBase,Broken Hierarchy,The tool detected a potential instance of the smell because this type does not implement or override any method from it's supertype(s): NHttpHandlerBase
httpcomponents-core-rel-v4.1.4,org.apache.http.nio.protocol,ThrottlingHttpClientHandler,Deficient Encapsulation,The tool detected the smell in this class because the class exposes fields belonging to it with public accessibility. Following fields are declared with public accessiblity: execHandler; executor; SHUTDOWN; READY; REQUEST_SENT; EXPECT_CONTINUE; REQUEST_BODY_STREAM; REQUEST_BODY_DONE; RESPONSE_RECEIVED; RESPONSE_BODY_STREAM; RESPONSE_BODY_DONE; RESPONSE_DONE; inbuffer; outbuffer; inputState; outputState; request; response; timeout; workerRunning
httpcomponents-core-rel-v4.1.4,org.apache.http.nio.protocol,ThrottlingHttpClientHandler,Broken Hierarchy,The tool detected a potential instance of the smell because this type does not implement or override any method from it's supertype(s): NHttpHandlerBase
httpcomponents-core-rel-v4.1.4,org.apache.http.nio.protocol,ThrottlingHttpClientHandler,Insufficient Modularization,The tool detected the smell in this class becuase the class has bloated interface (large number of public methods). Total public methods in the class: 32 public methods
httpcomponents-core-rel-v4.1.4,org.apache.http.nio.protocol,ClientConnState,Unutilized Abstraction,The tool detected the smell in this class because this class is potentially unused. (Please ignore the smell if the reported class is auto-generated and/or used to serve a specific known purpose.)
httpcomponents-core-rel-v4.1.4,org.apache.http.nio.protocol,ClientConnState,Deficient Encapsulation,The tool detected the smell in this class because the class exposes fields belonging to it with public accessibility. Following fields are declared with public accessiblity: SHUTDOWN; READY; REQUEST_SENT; EXPECT_CONTINUE; REQUEST_BODY_STREAM; REQUEST_BODY_DONE; RESPONSE_RECEIVED; RESPONSE_BODY_STREAM; RESPONSE_BODY_DONE; RESPONSE_DONE; inbuffer; outbuffer; inputState; outputState; request; response; timeout; workerRunning
httpcomponents-core-rel-v4.1.4,org.apache.http.nio.protocol,ThrottlingHttpServiceHandler,Deficient Encapsulation,The tool detected the smell in this class because the class exposes fields belonging to it with public accessibility. Following fields are declared with public accessiblity: responseFactory; executor; handlerResolver; expectationVerifier; SHUTDOWN; READY; REQUEST_RECEIVED; REQUEST_BODY_STREAM; REQUEST_BODY_DONE; RESPONSE_SENT; RESPONSE_BODY_STREAM; RESPONSE_BODY_DONE; RESPONSE_DONE; inbuffer; outbuffer; inputState; outputState; request; response; expectationFailure
httpcomponents-core-rel-v4.1.4,org.apache.http.nio.protocol,ThrottlingHttpServiceHandler,Broken Hierarchy,The tool detected a potential instance of the smell because this type does not implement or override any method from it's supertype(s): NHttpHandlerBase
httpcomponents-core-rel-v4.1.4,org.apache.http.nio.protocol,ThrottlingHttpServiceHandler,Insufficient Modularization,The tool detected the smell in this class becuase the class has bloated interface (large number of public methods). Total public methods in the class: 31 public methods
httpcomponents-core-rel-v4.1.4,org.apache.http.nio.protocol,ServerConnState,Unutilized Abstraction,The tool detected the smell in this class because this class is potentially unused. (Please ignore the smell if the reported class is auto-generated and/or used to serve a specific known purpose.)
httpcomponents-core-rel-v4.1.4,org.apache.http.nio.protocol,ServerConnState,Deficient Encapsulation,The tool detected the smell in this class because the class exposes fields belonging to it with public accessibility. Following fields are declared with public accessiblity: SHUTDOWN; READY; REQUEST_RECEIVED; REQUEST_BODY_STREAM; REQUEST_BODY_DONE; RESPONSE_SENT; RESPONSE_BODY_STREAM; RESPONSE_BODY_DONE; RESPONSE_DONE; inbuffer; outbuffer; inputState; outputState; request; response; expectationFailure
httpcomponents-core-rel-v4.1.4,org.apache.http.nio.protocol,TestAsyncNHttpHandlers,Unutilized Abstraction,The tool detected the smell in this class because this class is potentially unused. (Please ignore the smell if the reported class is auto-generated and/or used to serve a specific known purpose.)
httpcomponents-core-rel-v4.1.4,org.apache.http.nio.protocol,TestAsyncNHttpHandlers,Insufficient Modularization,The tool detected the smell in this class becuase the class has bloated interface (large number of public methods). Total public methods in the class: 23 public methods
httpcomponents-core-rel-v4.1.4,org.apache.http.nio.protocol,TestBufferingNHttpHandlers,Unutilized Abstraction,The tool detected the smell in this class because this class is potentially unused. (Please ignore the smell if the reported class is auto-generated and/or used to serve a specific known purpose.)
httpcomponents-core-rel-v4.1.4,org.apache.http.nio.protocol,TestNIOSSLHttp,Unutilized Abstraction,The tool detected the smell in this class because this class is potentially unused. (Please ignore the smell if the reported class is auto-generated and/or used to serve a specific known purpose.)
httpcomponents-core-rel-v4.1.4,org.apache.http.nio.protocol,TestThrottlingNHttpHandlers,Unutilized Abstraction,The tool detected the smell in this class because this class is potentially unused. (Please ignore the smell if the reported class is auto-generated and/or used to serve a specific known purpose.)
httpcomponents-core-rel-v4.1.4,org.apache.http.nio.protocol,TestThrottlingNHttpHandlers,Insufficient Modularization,The tool detected the smell in this class becuase the class has bloated interface (large number of public methods). Total public methods in the class: 24 public methods
httpcomponents-core-rel-v4.1.4,org.apache.http.nio.protocol,TestTruncatedChunks,Unutilized Abstraction,The tool detected the smell in this class because this class is potentially unused. (Please ignore the smell if the reported class is auto-generated and/or used to serve a specific known purpose.)
httpcomponents-core-rel-v4.1.4,org.apache.http.nio.reactor,EventMask,Deficient Encapsulation,The tool detected the smell in this class because the class exposes fields belonging to it with public accessibility. Following fields are declared with public accessiblity: READ; WRITE; READ_WRITE
httpcomponents-core-rel-v4.1.4,org.apache.http.nio.reactor,IOReactorException,Unutilized Abstraction,The tool detected the smell in this class because this class is potentially unused. (Please ignore the smell if the reported class is auto-generated and/or used to serve a specific known purpose.)
httpcomponents-core-rel-v4.1.4,org.apache.http.nio.reactor,IOSession,Deficient Encapsulation,The tool detected the smell in this class because the class exposes fields belonging to it with public accessibility. Following fields are declared with public accessiblity: ATTACHMENT_KEY; ACTIVE; CLOSING; CLOSED
httpcomponents-core-rel-v4.1.4,org.apache.http.nio.util,ExpandableBuffer,Deficient Encapsulation,The tool detected the smell in this class because the class exposes fields belonging to it with public accessibility. Following fields are declared with public accessiblity: INPUT_MODE; OUTPUT_MODE; mode; buffer; allocator
httpcomponents-core-rel-v4.1.4,org.apache.http.nio.util,SimpleInputBuffer,Broken Hierarchy,The tool detected a potential instance of the smell because this type does not implement or override any method from it's supertype(s): ExpandableBuffer; ContentInputBuffer
httpcomponents-core-rel-v4.1.4,org.apache.http.nio.util,SimpleOutputBuffer,Broken Hierarchy,The tool detected a potential instance of the smell because this type does not implement or override any method from it's supertype(s): ExpandableBuffer; ContentOutputBuffer
httpcomponents-core-rel-v4.1.4,org.apache.http.nio.util,TestBuffers,Unutilized Abstraction,The tool detected the smell in this class because this class is potentially unused. (Please ignore the smell if the reported class is auto-generated and/or used to serve a specific known purpose.)
